[SOUL] After dedup: 54 unique rules
[32m✅ Gemini API Key Loaded: AIzaSyCUxc...vBiM[0m
[2J[H
[35m[1m  ╔══════════════════════════════════════════════════════════════════════════╗
  ║[0m[36m[1m     █████╗ ██████╗  █████╗ ███╗   ██╗      ██╗   ██╗██╗  ██╗    ██████╗  [35m[1m║
  ║[0m[36m[1m    ██╔══██╗██╔══██╗██╔══██╗████╗  ██║      ██║   ██║██║  ██║   ██╔═████╗ [35m[1m║
  ║[0m[36m[1m    ███████║██║  ██║███████║██╔██╗ ██║█████╗██║   ██║███████║   ██║██╔██║ [35m[1m║
  ║[0m[36m[1m    ██╔══██║██║  ██║██╔══██║██║╚██╗██║╚════╝╚██╗ ██╔╝╚════██║   ████╔╝██║ [35m[1m║
  ║[0m[36m[1m    ██║  ██║██████╔╝██║  ██║██║ ╚████║       ╚████╔╝      ██║██╗╚██████╔╝ [35m[1m║
  ║[0m[36m[1m    ╚═╝  ╚═╝╚═════╝ ╚═╝  ╚═╝╚═╝  ╚═══╝        ╚═══╝       ╚═╝╚═╝ ╚═════╝  [35m[1m║
  ╠══════════════════════════════════════════════════════════════════════════╣
  ║[0m[2m  Dynasty Multi-Market Autonomaton[0m[2m  ·  [0m[97mGemma-3-27B[0m[2m  ·  [0m[35mby Lord[0m       [35m[1m║
  ║[0m[2m  Polymarket · Binance · [0m[36m[1mhttp://localhost:3141[0m[2m  ·  Gen [0m[33m[1m21[0m[2m  ·  [0m[32m12 children[0m   [35m[1m║
  ╚══════════════════════════════════════════════════════════════════════════╝[0m

[35m╔════════════════════════════════════════════════════════════════════════════╗[0m
[35m║ [0m  [1m[35mADAN[0m  [2m6:28:20 AM[0m  [36m⬤ Starting...[0m                                         [35m ║[0m
[35m╠════════════════════════════════════════════════════════════════════════════╣[0m
[35m║ [0m  [97m[1mENGINE[0m [36mGemma-3-27B[0m  [2m│[0m  [97mQUOTA[0m [32m[2m░░░░░░░░░░[0m [32m0%[0m[2m (0/15000)[0m                    [35m ║[0m
[35m║ [0m  🪙[32mCRYP[0m[2m:0/10000 [0m🏛️[32mPOLI[0m[2m:60/1500 [0m⚽[32mSPOR[0m[2m:12/1500 [0m📊[32mMACR[0m[2m:0/500 [0m🌐[32mEVEN[0m[2m:60/1500 [0m[35m ║[0m
[35m║ [0m  [97m[1mEVOLUTION[0m[2m  gen:[0m[33m[1m21[0m[2m  preds:[0m[97m2488[0m[2m  alive:[0m[32m19[0m[2m  dead:[0m[31m0[0m[2m  best:[0m[32m[1mhermes-btc --[0m[2m(3)[0m  [35m ║[0m
[35m╠════════════════════════════════════════════════════════════════════════════╣[0m
[35m╠════════════════════════════════════════════════════════════════════════════╣[0m
[35m║ [0m[2m  ASSET    PRICE          CHG      TREND(1m/5m)    SIGNAL       SCORE[0m     [35m ║[0m
[35m╟────────────────────────────────────────────────────────────────────────────╢[0m
[35m║ [0m[2m  BTC    no data[0m                                                          [35m ║[0m
[35m║ [0m[2m  ETH    no data[0m                                                          [35m ║[0m
[35m║ [0m[2m  SOL    no data[0m                                                          [35m ║[0m
[35m║ [0m[2m  XRP    no data[0m                                                          [35m ║[0m
[35m║ [0m[2m  BNB    no data[0m                                                          [35m ║[0m
[35m╠════════════════════════════════════════════════════════════════════════════╣[0m
[35m║ [0m  [33m[1mLVL 11  🛡 READER[0m  [2m████████░░░░░░░░░░░░ 40%[0m[2m  → 😱FEAR EXPLOIT @LVL12[0m    [35m ║[0m
[35m║ [0m  [2mSkills: [0m[35m📡LIVE FEED 📊TREND READ 👶FIRST CHILD 🎯EDGE FILTER 📐KELLY BET ⚡MULTI-BET 🕯️CANDLE PAT 🔬CALIBRATION ⏱️TIMING 🌊VOL SENSE[0m[35m ║[0m
[35m╟────────────────────────────────────────────────────────────────────────────╢[0m
[35m║ [0m  FUND  [32m[1m$15000.00[0m[2m/$10000  [0m  NET  [31m[1m-268.10[0m  TRADES  [97m772[0m  W/L  [32m391[0m[2m/[0m[31m381[0m  WR  [33m[1m51%[0m[2m  (goal 55%)[0m[35m ║[0m
[35m║ [0m  SLOTS  [32m[1m12/15[0m[2m free  [0m  MIN EDGE  [33m[1m15%[0m  BET  [2m📐KELLY[0m  [35m💰 $5283.08[0m           [35m ║[0m
[35m╠════════════════════════════════════════════════════════════════════════════╣[0m
[34m╠════════════════════════════════════════════════════════════════════════════╣[0m
[35m║ [0m[34m[1m  🌳 DYNASTY TREE[0m[2m  Gen 1  │  ADAN + 12 children[0m[2m  │  Track: [0m[36mQUANT[0m          [35m ║[0m
[34m╟────────────────────────────────────────────────────────────────────────────╢[0m
[35m║ [0m  [35m[1m◈ ADAN[0m[2m [ROOT · GEN1][0m  fund:[36m[1m  $15000[0m  net:[31m[1m$-268[0m  WR:[33m[1m51%[0m  LVL:[35m[1m11[0m          [35m ║[0m
[35m║ [0m  [34m  ├── [0m[36m[1mKRONOS      [0m [33m[1m● NEUTRAL[0m[2m c:40%[0m [33m[1m[64][0m[2m 0m[0m [2mg[0m[33m1[0m [2macc:[0m[2m--[0m[2m(0)[0m                 [35m ║[0m
[35m║ [0m  [34m  ├── [0m[36m[1mE1          [0m [33m[1m● NEUTRAL[0m[2m c:40%[0m [33m[1m[64][0m[2m 0m[0m [2mg[0m[33m1[0m [2macc:[0m[2m--[0m[2m(0)[0m                 [35m ║[0m
[35m║ [0m  [34m  ├── [0m[36m[1mS1          [0m [32m[1m▲ UP  [0m[2m c:79%[0m [32m[1m[69][0m[2m 0m[0m [2mg[0m[33m1[0m [2macc:[0m[2m--[0m[2m(0)[0m                    [35m ║[0m
[35m║ [0m  [34m  ├── [0m[36m[1mHERMES      [0m [31m[1m▼ DOWN[0m[2m c:48%[0m [33m[1m[64][0m[2m 0m[0m [2mg[0m[33m1[0m [2macc:[0m[2m--[0m[2m(0)[0m                    [35m ║[0m
[35m║ [0m  [34m  ├── [0m[36m[1mAT1         [0m [32m[1m▲ UP  [0m[2m c:79%[0m [32m[1m[69][0m[2m 0m[0m [2mg[0m[33m1[0m [2macc:[0m[2m--[0m[2m(0)[0m                    [35m ║[0m
[35m║ [0m  [34m  ├── [0m[36m[1mHELIOS      [0m [33m[1m● NEUTRAL[0m[2m c:40%[0m [33m[1m[64][0m[2m 0m[0m [2mg[0m[33m1[0m [2macc:[0m[2m--[0m[2m(0)[0m                 [35m ║[0m
[35m║ [0m  [34m  ├── [0m[36m[1mAPOLLO      [0m [33m[1m● NEUTRAL[0m[2m c:40%[0m [33m[1m[64][0m[2m 0m[0m [2mg[0m[33m1[0m [2macc:[0m[2m--[0m[2m(0)[0m                 [35m ║[0m
[35m║ [0m  [34m  ├── [0m[36m[1mAD1         [0m [32m[1m▲ UP  [0m[2m c:56%[0m [33m[1m[64][0m[2m 0m[0m [2mg[0m[33m1[0m [2macc:[0m[2m--[0m[2m(0)[0m                    [35m ║[0m
[35m║ [0m  [34m  ├── [0m[36m[1mA2          [0m [32m[1m▲ UP  [0m[2m c:79%[0m [32m[1m[69][0m[2m 0m[0m [2mg[0m[33m1[0m [2macc:[0m[2m--[0m[2m(0)[0m                    [35m ║[0m
[35m║ [0m  [34m  ├── [0m[36m[1mA1          [0m [32m[1m▲ UP  [0m[2m c:79%[0m [32m[1m[69][0m[2m 0m[0m [2mg[0m[33m1[0m [2macc:[0m[2m--[0m[2m(0)[0m                    [35m ║[0m
[35m║ [0m  [34m  ├── [0m[36m[1mATHENA      [0m [32m[1m▲ UP  [0m[2m c:79%[0m [32m[1m[69][0m[2m 0m[0m [2mg[0m[33m1[0m [2macc:[0m[2m--[0m[2m(0)[0m                    [35m ║[0m
[35m║ [0m  [34m  └── [0m[36m[1mDAEDALUS    [0m [32m[1m▲ UP  [0m[2m c:79%[0m [32m[1m[69][0m[2m 0m[0m [2mg[0m[33m1[0m [2macc:[0m[2m--[0m[2m(0)[0m                    [35m ║[0m
[34m╟────────────────────────────────────────────────────────────────────────────╢[0m
[35m║ [0m[34m[1m  🌐 CATEGORY DYNASTY[0m[2m  │  Track: [0m[35mLLM[0m[2m  │  Multi-Market v4.0[0m                [35m ║[0m
[34m╟────────────────────────────────────────────────────────────────────────────╢[0m
[35m║ [0m  [34m  ├── [0m🏛️ [36m[1mpolitics-daily [0m[31m[1m▼ DOWN[0m[2m c:70%[0m[2m e:-57.2%[0m [2mg[0m[33m1[0m [2macc:[0m[2m--[0m[2m(0)[0m[2m 23m[0m         [35m ║[0m
[35m║ [0m  [34m  │   [0m[2m  "Will Marco Rubio win the 2028 Re"[0m                              [35m ║[0m
[35m║ [0m  [34m  ├── [0m⚽ [36m[1msports-daily   [0m[32m[1m▲ UP  [0m[2m c:65%[0m[2m e:32.2%[0m [2mg[0m[33m1[0m [2macc:[0m[2m--[0m[2m(0)[0m[2m 23m[0m            [35m ║[0m
[35m║ [0m  [34m  │   [0m[2m  "Will the Colorado Avalanche win "[0m                              [35m ║[0m
[35m║ [0m  [34m  ├── [0m📊 [36m[1mmacro-weekly   [0m[2m  ···  waiting for scan[0m [2mg[0m[33m1[0m [2macc:[0m[2m--[0m[2m(0)[0m            [35m ║[0m
[35m║ [0m  [34m  ├── [0m🌐 [36m[1mevents-daily   [0m[31m[1m▼ DOWN[0m[2m c:75%[0m[2m e:-24%[0m [2mg[0m[33m1[0m [2macc:[0m[2m--[0m[2m(0)[0m[2m 23m[0m            [35m ║[0m
[35m║ [0m  [34m  │   [0m[2m  "Will the Iranian regime fall by "[0m                              [35m ║[0m
[34m╟────────────────────────────────────────────────────────────────────────────╢[0m
[35m║ [0m  [34mSIGNAL CONSENSUS: [0m[32m[1m▲ BULL CONSENSUS[0m[2m  (7▲ 1▼ 4●)  12/12 children reporting[0m[35m ║[0m
[34m╠════════════════════════════════════════════════════════════════════════════╣[0m
[35m║ [0m  CALIBRATION  [97mBTC[0m[2m:[0m[31m[1m47%[0m[2m(298)[0m   [97mETH[0m[2m:[0m[33m[1m57%[0m[2m(189)[0m   [97mSOL[0m[2m:[0m[33m[1m50%[0m[2m(284)[0m   [97mOTHER[0m[2m:[0m[2m--[0m[2m(1)[0m   [35m ║[0m
[35m╠════════════════════════════════════════════════════════════════════════════╣[0m
[35m║ [0m[33m[1m  OPEN BETS (3)[0m[2m  — monitoring for resolution[0m                              [35m ║[0m
[35m║ [0m[2m  MARKET                              SIDE  MY_P  MKT_P  EDGE   STAKE  CLOSES[0m[35m ║[0m
[35m║ [0m  [97mWill J.D. Vance win the 2028 R[0mYES  [33m   0%[0m   42%[33m[1m-41.6%[0m$null  [2m9:00:00 PM[0m   [35m ║[0m
[35m║ [0m  [97mWill Jesus Christ return befor[0mYES  [33m   0%[0m   48%[33m[1m-48.0%[0m$null  [2m9:00:00 AM[0m   [35m ║[0m
[35m║ [0m  [97mWill J.D. Vance win the 2028 R[0mYES  [33m   0%[0m   42%[33m[1m-41.5%[0m$null  [2m9:00:00 PM[0m   [35m ║[0m
[35m╠════════════════════════════════════════════════════════════════════════════╣[0m
[35m║ [0m[34m[1m  HISTORY[0m[2m  772 trades  ([32m391W[0m/[31m381L[0m)[0m                                        [35m ║[0m
[35m║ [0m  [31m[1m✗ LOSS[0m [97mSolana Up or Down - March 9, 3AM[0m[2m edge:[0m[33m?[0m P&L: [31m0[0m[2m 07:56[0m             [35m ║[0m
[35m║ [0m  [31m[1m✗ LOSS[0m [97mEthereum Up or Down - March 8, 2[0m[2m edge:[0m[33m+5.0%[0m P&L: [31m-100[0m[2m 06:57[0m      [35m ║[0m
[35m║ [0m  [31m[1m✗ LOSS[0m [97mEthereum Up or Down - March 9, 4[0m[2m edge:[0m[33m+5.0%[0m P&L: [31m-100[0m[2m 08:44[0m      [35m ║[0m
[35m║ [0m  [31m[1m✗ LOSS[0m [97mSolana Up or Down - March 9, 3:5[0m[2m edge:[0m[33m+5.0%[0m P&L: [31m-100[0m[2m 07:52[0m      [35m ║[0m
[35m╠════════════════════════════════════════════════════════════════════════════╣[0m
[35m║ [0m[2m  Session offline. 5M/15M/1H markets open ~3PM-10PM ET daily.[0m             [35m ║[0m
[35m║ [0m[2m  Checking resolutions every 5min. New markets scan every 20min.[0m          [35m ║[0m
[35m╚════════════════════════════════════════════════════════════════════════════╝[0m
[GREEKS EXIT] 📊 "Will J.D. Vance win the 2028 Republican " — Exit urgency: 98% | CONSIDER_EXIT
[GREEKS EXIT] 📊 "Will Jesus Christ return before GTA VI?" — Exit urgency: 100% | CONSIDER_EXIT
[GREEKS EXIT] 📊 "Will J.D. Vance win the 2028 Republican " — Exit urgency: 98% | CONSIDER_EXIT
[HUMAN] 🟢 State: RATIONAL_MARKET | Edge: 1x | Stake: 1x | Signal: NORMAL_RULES
[GREEKS EXIT] 📊 "Will J.D. Vance win the 2028 Republican " — Exit urgency: 98% | CONSIDER_EXIT
[GREEKS EXIT] 📊 "Will Jesus Christ return before GTA VI?" — Exit urgency: 100% | CONSIDER_EXIT
[GREEKS EXIT] 📊 "Will J.D. Vance win the 2028 Republican " — Exit urgency: 98% | CONSIDER_EXIT
[2J[H
[35m[1m  ╔══════════════════════════════════════════════════════════════════════════╗
  ║[0m[36m[1m     █████╗ ██████╗  █████╗ ███╗   ██╗      ██╗   ██╗██╗  ██╗    ██████╗  [35m[1m║
  ║[0m[36m[1m    ██╔══██╗██╔══██╗██╔══██╗████╗  ██║      ██║   ██║██║  ██║   ██╔═████╗ [35m[1m║
  ║[0m[36m[1m    ███████║██║  ██║███████║██╔██╗ ██║█████╗██║   ██║███████║   ██║██╔██║ [35m[1m║
  ║[0m[36m[1m    ██╔══██║██║  ██║██╔══██║██║╚██╗██║╚════╝╚██╗ ██╔╝╚════██║   ████╔╝██║ [35m[1m║
  ║[0m[36m[1m    ██║  ██║██████╔╝██║  ██║██║ ╚████║       ╚████╔╝      ██║██╗╚██████╔╝ [35m[1m║
  ║[0m[36m[1m    ╚═╝  ╚═╝╚═════╝ ╚═╝  ╚═╝╚═╝  ╚═══╝        ╚═══╝       ╚═╝╚═╝ ╚═════╝  [35m[1m║
  ╠══════════════════════════════════════════════════════════════════════════╣
  ║[0m[2m  Dynasty Multi-Market Autonomaton[0m[2m  ·  [0m[97mGemma-3-27B[0m[2m  ·  [0m[35mby Lord[0m       [35m[1m║
  ║[0m[2m  Polymarket · Binance · [0m[36m[1mhttp://localhost:3141[0m[2m  ·  Gen [0m[33m[1m21[0m[2m  ·  [0m[32m12 children[0m   [35m[1m║
  ╚══════════════════════════════════════════════════════════════════════════╝[0m

[35m╔════════════════════════════════════════════════════════════════════════════╗[0m
[35m║ [0m  [1m[35mADAN[0m  [2m6:28:47 AM[0m  [36m⬤ Fetching Binance prices...[0m                          [35m ║[0m
[35m╠════════════════════════════════════════════════════════════════════════════╣[0m
[35m║ [0m  [97m[1mENGINE[0m [36mGemma-3-27B[0m  [2m│[0m  [97mQUOTA[0m [32m[2m░░░░░░░░░░[0m [32m0%[0m[2m (0/15000)[0m                    [35m ║[0m
[35m║ [0m  🪙[32mCRYP[0m[2m:0/10000 [0m🏛️[32mPOLI[0m[2m:60/1500 [0m⚽[32mSPOR[0m[2m:12/1500 [0m📊[32mMACR[0m[2m:0/500 [0m🌐[32mEVEN[0m[2m:60/1500 [0m[35m ║[0m
[35m║ [0m  [97m[1mEVOLUTION[0m[2m  gen:[0m[33m[1m21[0m[2m  preds:[0m[97m2488[0m[2m  alive:[0m[32m19[0m[2m  dead:[0m[31m0[0m[2m  best:[0m[32m[1mhermes-btc --[0m[2m(3)[0m  [35m ║[0m
[35m╠════════════════════════════════════════════════════════════════════════════╣[0m
[35m╠════════════════════════════════════════════════════════════════════════════╣[0m
[35m║ [0m[2m  ASSET    PRICE          CHG      TREND(1m/5m)    SIGNAL       SCORE[0m     [35m ║[0m
[35m╟────────────────────────────────────────────────────────────────────────────╢[0m
[35m║ [0m[2m  BTC    no data[0m                                                          [35m ║[0m
[35m║ [0m[2m  ETH    no data[0m                                                          [35m ║[0m
[35m║ [0m[2m  SOL    no data[0m                                                          [35m ║[0m
[35m║ [0m[2m  XRP    no data[0m                                                          [35m ║[0m
[35m║ [0m[2m  BNB    no data[0m                                                          [35m ║[0m
[35m╠════════════════════════════════════════════════════════════════════════════╣[0m
[35m║ [0m  [33m[1mLVL 11  🛡 READER[0m  [2m████████░░░░░░░░░░░░ 40%[0m[2m  → 😱FEAR EXPLOIT @LVL12[0m    [35m ║[0m
[35m║ [0m  [2mSkills: [0m[35m📡LIVE FEED 📊TREND READ 👶FIRST CHILD 🎯EDGE FILTER 📐KELLY BET ⚡MULTI-BET 🕯️CANDLE PAT 🔬CALIBRATION ⏱️TIMING 🌊VOL SENSE[0m[35m ║[0m
[35m╟────────────────────────────────────────────────────────────────────────────╢[0m
[35m║ [0m  FUND  [32m[1m$15000.00[0m[2m/$10000  [0m  NET  [31m[1m-268.10[0m  TRADES  [97m772[0m  W/L  [32m391[0m[2m/[0m[31m381[0m  WR  [33m[1m51%[0m[2m  (goal 55%)[0m[35m ║[0m
[35m║ [0m  SLOTS  [32m[1m12/15[0m[2m free  [0m  MIN EDGE  [33m[1m5%[0m  BET  [2m📐KELLY[0m  [35m💰 $5283.08[0m            [35m ║[0m
[35m╠════════════════════════════════════════════════════════════════════════════╣[0m
[34m╠════════════════════════════════════════════════════════════════════════════╣[0m
[35m║ [0m[34m[1m  🌳 DYNASTY TREE[0m[2m  Gen 1  │  ADAN + 12 children[0m[2m  │  Track: [0m[36mQUANT[0m          [35m ║[0m
[34m╟────────────────────────────────────────────────────────────────────────────╢[0m
[35m║ [0m  [35m[1m◈ ADAN[0m[2m [ROOT · GEN1][0m  fund:[36m[1m  $15000[0m  net:[31m[1m$-268[0m  WR:[33m[1m51%[0m  LVL:[35m[1m11[0m          [35m ║[0m
[35m║ [0m  [34m  ├── [0m[36m[1mKRONOS      [0m [33m[1m● NEUTRAL[0m[2m c:40%[0m [33m[1m[64][0m[2m 1m[0m [2mg[0m[33m1[0m [2macc:[0m[2m--[0m[2m(0)[0m                 [35m ║[0m
[35m║ [0m  [34m  ├── [0m[36m[1mE1          [0m [33m[1m● NEUTRAL[0m[2m c:40%[0m [33m[1m[64][0m[2m 1m[0m [2mg[0m[33m1[0m [2macc:[0m[2m--[0m[2m(0)[0m                 [35m ║[0m
[35m║ [0m  [34m  ├── [0m[36m[1mS1          [0m [32m[1m▲ UP  [0m[2m c:79%[0m [32m[1m[69][0m[2m 1m[0m [2mg[0m[33m1[0m [2macc:[0m[2m--[0m[2m(0)[0m                    [35m ║[0m
[35m║ [0m  [34m  ├── [0m[36m[1mHERMES      [0m [31m[1m▼ DOWN[0m[2m c:48%[0m [33m[1m[64][0m[2m 1m[0m [2mg[0m[33m1[0m [2macc:[0m[2m--[0m[2m(0)[0m                    [35m ║[0m
[35m║ [0m  [34m  ├── [0m[36m[1mAT1         [0m [32m[1m▲ UP  [0m[2m c:79%[0m [32m[1m[69][0m[2m 1m[0m [2mg[0m[33m1[0m [2macc:[0m[2m--[0m[2m(0)[0m                    [35m ║[0m
[35m║ [0m  [34m  ├── [0m[36m[1mHELIOS      [0m [33m[1m● NEUTRAL[0m[2m c:40%[0m [33m[1m[64][0m[2m 1m[0m [2mg[0m[33m1[0m [2macc:[0m[2m--[0m[2m(0)[0m                 [35m ║[0m
[35m║ [0m  [34m  ├── [0m[36m[1mAPOLLO      [0m [33m[1m● NEUTRAL[0m[2m c:40%[0m [33m[1m[64][0m[2m 1m[0m [2mg[0m[33m1[0m [2macc:[0m[2m--[0m[2m(0)[0m                 [35m ║[0m
[35m║ [0m  [34m  ├── [0m[36m[1mAD1         [0m [32m[1m▲ UP  [0m[2m c:56%[0m [33m[1m[64][0m[2m 1m[0m [2mg[0m[33m1[0m [2macc:[0m[2m--[0m[2m(0)[0m                    [35m ║[0m
[35m║ [0m  [34m  ├── [0m[36m[1mA2          [0m [32m[1m▲ UP  [0m[2m c:79%[0m [32m[1m[69][0m[2m 1m[0m [2mg[0m[33m1[0m [2macc:[0m[2m--[0m[2m(0)[0m                    [35m ║[0m
[35m║ [0m  [34m  ├── [0m[36m[1mA1          [0m [32m[1m▲ UP  [0m[2m c:79%[0m [32m[1m[69][0m[2m 1m[0m [2mg[0m[33m1[0m [2macc:[0m[2m--[0m[2m(0)[0m                    [35m ║[0m
[35m║ [0m  [34m  ├── [0m[36m[1mATHENA      [0m [32m[1m▲ UP  [0m[2m c:79%[0m [32m[1m[69][0m[2m 1m[0m [2mg[0m[33m1[0m [2macc:[0m[2m--[0m[2m(0)[0m                    [35m ║[0m
[35m║ [0m  [34m  └── [0m[36m[1mDAEDALUS    [0m [32m[1m▲ UP  [0m[2m c:79%[0m [32m[1m[69][0m[2m 1m[0m [2mg[0m[33m1[0m [2macc:[0m[2m--[0m[2m(0)[0m                    [35m ║[0m
[34m╟────────────────────────────────────────────────────────────────────────────╢[0m
[35m║ [0m[34m[1m  🌐 CATEGORY DYNASTY[0m[2m  │  Track: [0m[35mLLM[0m[2m  │  Multi-Market v4.0[0m                [35m ║[0m
[34m╟────────────────────────────────────────────────────────────────────────────╢[0m
[35m║ [0m  [34m  ├── [0m🏛️ [36m[1mpolitics-daily [0m[31m[1m▼ DOWN[0m[2m c:70%[0m[2m e:-57.2%[0m [2mg[0m[33m1[0m [2macc:[0m[2m--[0m[2m(0)[0m[2m 23m[0m         [35m ║[0m
[35m║ [0m  [34m  │   [0m[2m  "Will Marco Rubio win the 2028 Re"[0m                              [35m ║[0m
[35m║ [0m  [34m  ├── [0m⚽ [36m[1msports-daily   [0m[32m[1m▲ UP  [0m[2m c:65%[0m[2m e:32.2%[0m [2mg[0m[33m1[0m [2macc:[0m[2m--[0m[2m(0)[0m[2m 24m[0m            [35m ║[0m
[35m║ [0m  [34m  │   [0m[2m  "Will the Colorado Avalanche win "[0m                              [35m ║[0m
[35m║ [0m  [34m  ├── [0m📊 [36m[1mmacro-weekly   [0m[2m  ···  waiting for scan[0m [2mg[0m[33m1[0m [2macc:[0m[2m--[0m[2m(0)[0m            [35m ║[0m
[35m║ [0m  [34m  ├── [0m🌐 [36m[1mevents-daily   [0m[31m[1m▼ DOWN[0m[2m c:75%[0m[2m e:-24%[0m [2mg[0m[33m1[0m [2macc:[0m[2m--[0m[2m(0)[0m[2m 23m[0m            [35m ║[0m
[35m║ [0m  [34m  │   [0m[2m  "Will the Iranian regime fall by "[0m                              [35m ║[0m
[34m╟────────────────────────────────────────────────────────────────────────────╢[0m
[35m║ [0m  [34mSIGNAL CONSENSUS: [0m[32m[1m▲ BULL CONSENSUS[0m[2m  (7▲ 1▼ 4●)  12/12 children reporting[0m[35m ║[0m
[34m╠════════════════════════════════════════════════════════════════════════════╣[0m
[35m║ [0m  CALIBRATION  [97mBTC[0m[2m:[0m[31m[1m47%[0m[2m(298)[0m   [97mETH[0m[2m:[0m[33m[1m57%[0m[2m(189)[0m   [97mSOL[0m[2m:[0m[33m[1m50%[0m[2m(284)[0m   [97mOTHER[0m[2m:[0m[2m--[0m[2m(1)[0m   [35m ║[0m
[35m╠════════════════════════════════════════════════════════════════════════════╣[0m
[35m║ [0m[33m[1m  OPEN BETS (3)[0m[2m  — monitoring for resolution[0m                              [35m ║[0m
[35m║ [0m[2m  MARKET                              SIDE  MY_P  MKT_P  EDGE   STAKE  CLOSES[0m[35m ║[0m
[35m║ [0m  [97mWill J.D. Vance win the 2028 R[0mYES  [33m   0%[0m   42%[33m[1m-41.6%[0m$null  [2m9:00:00 PM[0m   [35m ║[0m
[35m║ [0m  [97mWill Jesus Christ return befor[0mYES  [33m   0%[0m   48%[33m[1m-48.0%[0m$null  [2m9:00:00 AM[0m   [35m ║[0m
[35m║ [0m  [97mWill J.D. Vance win the 2028 R[0mYES  [33m   0%[0m   42%[33m[1m-41.5%[0m$null  [2m9:00:00 PM[0m   [35m ║[0m
[35m╠════════════════════════════════════════════════════════════════════════════╣[0m
[35m║ [0m[34m[1m  HISTORY[0m[2m  772 trades  ([32m391W[0m/[31m381L[0m)[0m                                        [35m ║[0m
[35m║ [0m  [31m[1m✗ LOSS[0m [97mSolana Up or Down - March 9, 3AM[0m[2m edge:[0m[33m?[0m P&L: [31m0[0m[2m 07:56[0m             [35m ║[0m
[35m║ [0m  [31m[1m✗ LOSS[0m [97mEthereum Up or Down - March 8, 2[0m[2m edge:[0m[33m+5.0%[0m P&L: [31m-100[0m[2m 06:57[0m      [35m ║[0m
[35m║ [0m  [31m[1m✗ LOSS[0m [97mEthereum Up or Down - March 9, 4[0m[2m edge:[0m[33m+5.0%[0m P&L: [31m-100[0m[2m 08:44[0m      [35m ║[0m
[35m║ [0m  [31m[1m✗ LOSS[0m [97mSolana Up or Down - March 9, 3:5[0m[2m edge:[0m[33m+5.0%[0m P&L: [31m-100[0m[2m 07:52[0m      [35m ║[0m
[35m╠════════════════════════════════════════════════════════════════════════════╣[0m
[35m║ [0m[2m  Session offline. 5M/15M/1H markets open ~3PM-10PM ET daily.[0m             [35m ║[0m
[35m║ [0m[2m  Checking resolutions every 5min. New markets scan every 20min.[0m          [35m ║[0m
[35m╚════════════════════════════════════════════════════════════════════════════╝[0m
[2J[H
[35m[1m  ╔══════════════════════════════════════════════════════════════════════════╗
  ║[0m[36m[1m     █████╗ ██████╗  █████╗ ███╗   ██╗      ██╗   ██╗██╗  ██╗    ██████╗  [35m[1m║
  ║[0m[36m[1m    ██╔══██╗██╔══██╗██╔══██╗████╗  ██║      ██║   ██║██║  ██║   ██╔═████╗ [35m[1m║
  ║[0m[36m[1m    ███████║██║  ██║███████║██╔██╗ ██║█████╗██║   ██║███████║   ██║██╔██║ [35m[1m║
  ║[0m[36m[1m    ██╔══██║██║  ██║██╔══██║██║╚██╗██║╚════╝╚██╗ ██╔╝╚════██║   ████╔╝██║ [35m[1m║
  ║[0m[36m[1m    ██║  ██║██████╔╝██║  ██║██║ ╚████║       ╚████╔╝      ██║██╗╚██████╔╝ [35m[1m║
  ║[0m[36m[1m    ╚═╝  ╚═╝╚═════╝ ╚═╝  ╚═╝╚═╝  ╚═══╝        ╚═══╝       ╚═╝╚═╝ ╚═════╝  [35m[1m║
  ╠══════════════════════════════════════════════════════════════════════════╣
  ║[0m[2m  Dynasty Multi-Market Autonomaton[0m[2m  ·  [0m[97mGemma-3-27B[0m[2m  ·  [0m[35mby Lord[0m       [35m[1m║
  ║[0m[2m  Polymarket · Binance · [0m[36m[1mhttp://localhost:3141[0m[2m  ·  Gen [0m[33m[1m21[0m[2m  ·  [0m[32m12 children[0m   [35m[1m║
  ╚══════════════════════════════════════════════════════════════════════════╝[0m

[35m╔════════════════════════════════════════════════════════════════════════════╗[0m
[35m║ [0m  [1m[35mADAN[0m  [2m6:28:50 AM[0m  [36m⬤ Fetching Binance prices...[0m                          [35m ║[0m
[35m╠════════════════════════════════════════════════════════════════════════════╣[0m
[35m║ [0m  [97m[1mENGINE[0m [36mGemma-3-27B[0m  [2m│[0m  [97mQUOTA[0m [32m[2m░░░░░░░░░░[0m [32m0%[0m[2m (0/15000)[0m                    [35m ║[0m
[35m║ [0m  🪙[32mCRYP[0m[2m:0/10000 [0m🏛️[32mPOLI[0m[2m:60/1500 [0m⚽[32mSPOR[0m[2m:12/1500 [0m📊[32mMACR[0m[2m:0/500 [0m🌐[32mEVEN[0m[2m:60/1500 [0m[35m ║[0m
[35m║ [0m  [97m[1mEVOLUTION[0m[2m  gen:[0m[33m[1m21[0m[2m  preds:[0m[97m2488[0m[2m  alive:[0m[32m19[0m[2m  dead:[0m[31m0[0m[2m  best:[0m[32m[1mhermes-btc --[0m[2m(3)[0m  [35m ║[0m
[35m╠════════════════════════════════════════════════════════════════════════════╣[0m
[35m╠════════════════════════════════════════════════════════════════════════════╣[0m
[35m║ [0m[2m  ASSET    PRICE          CHG      TREND(1m/5m)    SIGNAL       SCORE[0m     [35m ║[0m
[35m╟────────────────────────────────────────────────────────────────────────────╢[0m
[35m║ [0m[2m  BTC    no data[0m                                                          [35m ║[0m
[35m║ [0m[2m  ETH    no data[0m                                                          [35m ║[0m
[35m║ [0m[2m  SOL    no data[0m                                                          [35m ║[0m
[35m║ [0m[2m  XRP    no data[0m                                                          [35m ║[0m
[35m║ [0m[2m  BNB    no data[0m                                                          [35m ║[0m
[35m╠════════════════════════════════════════════════════════════════════════════╣[0m
[35m║ [0m  [33m[1mLVL 11  🛡 READER[0m  [2m████████░░░░░░░░░░░░ 40%[0m[2m  → 😱FEAR EXPLOIT @LVL12[0m    [35m ║[0m
[35m║ [0m  [2mSkills: [0m[35m📡LIVE FEED 📊TREND READ 👶FIRST CHILD 🎯EDGE FILTER 📐KELLY BET ⚡MULTI-BET 🕯️CANDLE PAT 🔬CALIBRATION ⏱️TIMING 🌊VOL SENSE[0m[35m ║[0m
[35m╟────────────────────────────────────────────────────────────────────────────╢[0m
[35m║ [0m  FUND  [32m[1m$15000.00[0m[2m/$10000  [0m  NET  [31m[1m-268.10[0m  TRADES  [97m772[0m  W/L  [32m391[0m[2m/[0m[31m381[0m  WR  [33m[1m51%[0m[2m  (goal 55%)[0m[35m ║[0m
[35m║ [0m  SLOTS  [32m[1m12/15[0m[2m free  [0m  MIN EDGE  [33m[1m5%[0m  BET  [2m📐KELLY[0m  [35m💰 $5283.08[0m            [35m ║[0m
[35m╠════════════════════════════════════════════════════════════════════════════╣[0m
[34m╠════════════════════════════════════════════════════════════════════════════╣[0m
[35m║ [0m[34m[1m  🌳 DYNASTY TREE[0m[2m  Gen 1  │  ADAN + 12 children[0m[2m  │  Track: [0m[36mQUANT[0m          [35m ║[0m
[34m╟────────────────────────────────────────────────────────────────────────────╢[0m
[35m║ [0m  [35m[1m◈ ADAN[0m[2m [ROOT · GEN1][0m  fund:[36m[1m  $15000[0m  net:[31m[1m$-268[0m  WR:[33m[1m51%[0m  LVL:[35m[1m11[0m          [35m ║[0m
[35m║ [0m  [34m  ├── [0m[36m[1mKRONOS      [0m [33m[1m● NEUTRAL[0m[2m c:40%[0m [33m[1m[64][0m[2m 1m[0m [2mg[0m[33m1[0m [2macc:[0m[2m--[0m[2m(0)[0m                 [35m ║[0m
[35m║ [0m  [34m  ├── [0m[36m[1mE1          [0m [33m[1m● NEUTRAL[0m[2m c:40%[0m [33m[1m[64][0m[2m 1m[0m [2mg[0m[33m1[0m [2macc:[0m[2m--[0m[2m(0)[0m                 [35m ║[0m
[35m║ [0m  [34m  ├── [0m[36m[1mS1          [0m [32m[1m▲ UP  [0m[2m c:79%[0m [32m[1m[69][0m[2m 1m[0m [2mg[0m[33m1[0m [2macc:[0m[2m--[0m[2m(0)[0m                    [35m ║[0m
[35m║ [0m  [34m  ├── [0m[36m[1mHERMES      [0m [31m[1m▼ DOWN[0m[2m c:48%[0m [33m[1m[64][0m[2m 1m[0m [2mg[0m[33m1[0m [2macc:[0m[2m--[0m[2m(0)[0m                    [35m ║[0m
[35m║ [0m  [34m  ├── [0m[36m[1mAT1         [0m [32m[1m▲ UP  [0m[2m c:79%[0m [32m[1m[69][0m[2m 1m[0m [2mg[0m[33m1[0m [2macc:[0m[2m--[0m[2m(0)[0m                    [35m ║[0m
[35m║ [0m  [34m  ├── [0m[36m[1mHELIOS      [0m [33m[1m● NEUTRAL[0m[2m c:40%[0m [33m[1m[64][0m[2m 1m[0m [2mg[0m[33m1[0m [2macc:[0m[2m--[0m[2m(0)[0m                 [35m ║[0m
[35m║ [0m  [34m  ├── [0m[36m[1mAPOLLO      [0m [33m[1m● NEUTRAL[0m[2m c:40%[0m [33m[1m[64][0m[2m 1m[0m [2mg[0m[33m1[0m [2macc:[0m[2m--[0m[2m(0)[0m                 [35m ║[0m
[35m║ [0m  [34m  ├── [0m[36m[1mAD1         [0m [32m[1m▲ UP  [0m[2m c:56%[0m [33m[1m[64][0m[2m 1m[0m [2mg[0m[33m1[0m [2macc:[0m[2m--[0m[2m(0)[0m                    [35m ║[0m
[35m║ [0m  [34m  ├── [0m[36m[1mA2          [0m [32m[1m▲ UP  [0m[2m c:79%[0m [32m[1m[69][0m[2m 1m[0m [2mg[0m[33m1[0m [2macc:[0m[2m--[0m[2m(0)[0m                    [35m ║[0m
[35m║ [0m  [34m  ├── [0m[36m[1mA1          [0m [32m[1m▲ UP  [0m[2m c:79%[0m [32m[1m[69][0m[2m 1m[0m [2mg[0m[33m1[0m [2macc:[0m[2m--[0m[2m(0)[0m                    [35m ║[0m
[35m║ [0m  [34m  ├── [0m[36m[1mATHENA      [0m [32m[1m▲ UP  [0m[2m c:79%[0m [32m[1m[69][0m[2m 1m[0m [2mg[0m[33m1[0m [2macc:[0m[2m--[0m[2m(0)[0m                    [35m ║[0m
[35m║ [0m  [34m  └── [0m[36m[1mDAEDALUS    [0m [32m[1m▲ UP  [0m[2m c:79%[0m [32m[1m[69][0m[2m 1m[0m [2mg[0m[33m1[0m [2macc:[0m[2m--[0m[2m(0)[0m                    [35m ║[0m
[34m╟────────────────────────────────────────────────────────────────────────────╢[0m
[35m║ [0m[34m[1m  🌐 CATEGORY DYNASTY[0m[2m  │  Track: [0m[35mLLM[0m[2m  │  Multi-Market v4.0[0m                [35m ║[0m
[34m╟────────────────────────────────────────────────────────────────────────────╢[0m
[35m║ [0m  [34m  ├── [0m🏛️ [36m[1mpolitics-daily [0m[31m[1m▼ DOWN[0m[2m c:70%[0m[2m e:-57.2%[0m [2mg[0m[33m1[0m [2macc:[0m[2m--[0m[2m(0)[0m[2m 23m[0m         [35m ║[0m
[35m║ [0m  [34m  │   [0m[2m  "Will Marco Rubio win the 2028 Re"[0m                              [35m ║[0m
[35m║ [0m  [34m  ├── [0m⚽ [36m[1msports-daily   [0m[32m[1m▲ UP  [0m[2m c:65%[0m[2m e:32.2%[0m [2mg[0m[33m1[0m [2macc:[0m[2m--[0m[2m(0)[0m[2m 24m[0m            [35m ║[0m
[35m║ [0m  [34m  │   [0m[2m  "Will the Colorado Avalanche win "[0m                              [35m ║[0m
[35m║ [0m  [34m  ├── [0m📊 [36m[1mmacro-weekly   [0m[2m  ···  waiting for scan[0m [2mg[0m[33m1[0m [2macc:[0m[2m--[0m[2m(0)[0m            [35m ║[0m
[35m║ [0m  [34m  ├── [0m🌐 [36m[1mevents-daily   [0m[31m[1m▼ DOWN[0m[2m c:75%[0m[2m e:-24%[0m [2mg[0m[33m1[0m [2macc:[0m[2m--[0m[2m(0)[0m[2m 23m[0m            [35m ║[0m
[35m║ [0m  [34m  │   [0m[2m  "Will the Iranian regime fall by "[0m                              [35m ║[0m
[34m╟────────────────────────────────────────────────────────────────────────────╢[0m
[35m║ [0m  [34mSIGNAL CONSENSUS: [0m[32m[1m▲ BULL CONSENSUS[0m[2m  (7▲ 1▼ 4●)  12/12 children reporting[0m[35m ║[0m
[34m╠════════════════════════════════════════════════════════════════════════════╣[0m
[35m║ [0m  CALIBRATION  [97mBTC[0m[2m:[0m[31m[1m47%[0m[2m(298)[0m   [97mETH[0m[2m:[0m[33m[1m57%[0m[2m(189)[0m   [97mSOL[0m[2m:[0m[33m[1m50%[0m[2m(284)[0m   [97mOTHER[0m[2m:[0m[2m--[0m[2m(1)[0m   [35m ║[0m
[35m╠════════════════════════════════════════════════════════════════════════════╣[0m
[35m║ [0m[33m[1m  OPEN BETS (3)[0m[2m  — monitoring for resolution[0m                              [35m ║[0m
[35m║ [0m[2m  MARKET                              SIDE  MY_P  MKT_P  EDGE   STAKE  CLOSES[0m[35m ║[0m
[35m║ [0m  [97mWill J.D. Vance win the 2028 R[0mYES  [33m   0%[0m   42%[33m[1m-41.6%[0m$null  [2m9:00:00 PM[0m   [35m ║[0m
[35m║ [0m  [97mWill Jesus Christ return befor[0mYES  [33m   0%[0m   48%[33m[1m-48.0%[0m$null  [2m9:00:00 AM[0m   [35m ║[0m
[35m║ [0m  [97mWill J.D. Vance win the 2028 R[0mYES  [33m   0%[0m   42%[33m[1m-41.5%[0m$null  [2m9:00:00 PM[0m   [35m ║[0m
[35m╠════════════════════════════════════════════════════════════════════════════╣[0m
[35m║ [0m[34m[1m  HISTORY[0m[2m  772 trades  ([32m391W[0m/[31m381L[0m)[0m                                        [35m ║[0m
[35m║ [0m  [31m[1m✗ LOSS[0m [97mSolana Up or Down - March 9, 3AM[0m[2m edge:[0m[33m?[0m P&L: [31m0[0m[2m 07:56[0m             [35m ║[0m
[35m║ [0m  [31m[1m✗ LOSS[0m [97mEthereum Up or Down - March 8, 2[0m[2m edge:[0m[33m+5.0%[0m P&L: [31m-100[0m[2m 06:57[0m      [35m ║[0m
[35m║ [0m  [31m[1m✗ LOSS[0m [97mEthereum Up or Down - March 9, 4[0m[2m edge:[0m[33m+5.0%[0m P&L: [31m-100[0m[2m 08:44[0m      [35m ║[0m
[35m║ [0m  [31m[1m✗ LOSS[0m [97mSolana Up or Down - March 9, 3:5[0m[2m edge:[0m[33m+5.0%[0m P&L: [31m-100[0m[2m 07:52[0m      [35m ║[0m
[35m╠════════════════════════════════════════════════════════════════════════════╣[0m
[35m║ [0m[2m  Session offline. 5M/15M/1H markets open ~3PM-10PM ET daily.[0m             [35m ║[0m
[35m║ [0m[2m  Checking resolutions every 5min. New markets scan every 20min.[0m          [35m ║[0m
[35m╚════════════════════════════════════════════════════════════════════════════╝[0m
[2J[H
[35m[1m  ╔══════════════════════════════════════════════════════════════════════════╗
  ║[0m[36m[1m     █████╗ ██████╗  █████╗ ███╗   ██╗      ██╗   ██╗██╗  ██╗    ██████╗  [35m[1m║
  ║[0m[36m[1m    ██╔══██╗██╔══██╗██╔══██╗████╗  ██║      ██║   ██║██║  ██║   ██╔═████╗ [35m[1m║
  ║[0m[36m[1m    ███████║██║  ██║███████║██╔██╗ ██║█████╗██║   ██║███████║   ██║██╔██║ [35m[1m║
  ║[0m[36m[1m    ██╔══██║██║  ██║██╔══██║██║╚██╗██║╚════╝╚██╗ ██╔╝╚════██║   ████╔╝██║ [35m[1m║
  ║[0m[36m[1m    ██║  ██║██████╔╝██║  ██║██║ ╚████║       ╚████╔╝      ██║██╗╚██████╔╝ [35m[1m║
  ║[0m[36m[1m    ╚═╝  ╚═╝╚═════╝ ╚═╝  ╚═╝╚═╝  ╚═══╝        ╚═══╝       ╚═╝╚═╝ ╚═════╝  [35m[1m║
  ╠══════════════════════════════════════════════════════════════════════════╣
  ║[0m[2m  Dynasty Multi-Market Autonomaton[0m[2m  ·  [0m[97mGemma-3-27B[0m[2m  ·  [0m[35mby Lord[0m       [35m[1m║
  ║[0m[2m  Polymarket · Binance · [0m[36m[1mhttp://localhost:3141[0m[2m  ·  Gen [0m[33m[1m21[0m[2m  ·  [0m[32m12 children[0m   [35m[1m║
  ╚══════════════════════════════════════════════════════════════════════════╝[0m

[35m╔════════════════════════════════════════════════════════════════════════════╗[0m
[35m║ [0m  [1m[35mADAN[0m  [2m6:28:52 AM[0m  [36m⬤ Fetching Polymarket markets...[0m                      [35m ║[0m
[35m╠════════════════════════════════════════════════════════════════════════════╣[0m
[35m║ [0m  [97m[1mENGINE[0m [36mGemma-3-27B[0m  [2m│[0m  [97mQUOTA[0m [32m[2m░░░░░░░░░░[0m [32m0%[0m[2m (0/15000)[0m                    [35m ║[0m
[35m║ [0m  🪙[32mCRYP[0m[2m:0/10000 [0m🏛️[32mPOLI[0m[2m:60/1500 [0m⚽[32mSPOR[0m[2m:12/1500 [0m📊[32mMACR[0m[2m:0/500 [0m🌐[32mEVEN[0m[2m:60/1500 [0m[35m ║[0m
[35m║ [0m  [97m[1mEVOLUTION[0m[2m  gen:[0m[33m[1m21[0m[2m  preds:[0m[97m2488[0m[2m  alive:[0m[32m19[0m[2m  dead:[0m[31m0[0m[2m  best:[0m[32m[1mhermes-btc --[0m[2m(3)[0m  [35m ║[0m
[35m╠════════════════════════════════════════════════════════════════════════════╣[0m
[35m║ [0m  SENTIMENT  [31m█░░░░░░░░░[0m  [31m[1m8/100  EXTREME FEAR[0m [31m↓[0m                            [35m ║[0m
[35m╠════════════════════════════════════════════════════════════════════════════╣[0m
[35m║ [0m[2m  ASSET    PRICE          CHG      TREND(1m/5m)    SIGNAL       SCORE[0m     [35m ║[0m
[35m╟────────────────────────────────────────────────────────────────────────────╢[0m
[35m║ [0m  [97m[1mBTC  [0m[36m[1m$68,021.75    [0m[32m[1m+1.24%  [0m[2m1m:[0m[32m+0.30%[0m[2m 5m:[0m[32m+0.34%  [0m[32m▲ UP[0m  [33m[1m[64][0m              [35m ║[0m
[35m║ [0m[2m       RSI [0m[33m[1m63  [0m[2mMACD [0m[31m[1m ▼  [0m[2mBB% [0m[32m 97%  [0m[2mVOL [0m[2mflat    [0m[2mFUND [0m[2m-0.005%  [0m[2mVOLAT [0m[33m0.074%[0m  [32m▇[0m[32m▆[0m[32m▅[0m[32m▅[0m[32m▆[0m[32m▆[0m[32m▇[0m[32m█[0m[32m▇[0m[32m▇[0m[32m█[0m[32m█[0m[35m ║[0m
[35m╟────────────────────────────────────────────────────────────────────────────╢[0m
[35m║ [0m  [97m[1mETH  [0m[36m[1m$2,004.25     [0m[32m[1m+1.22%  [0m[2m1m:[0m[32m+0.37%[0m[2m 5m:[0m[32m+0.54%  [0m[32m▲ UP[0m  [32m[1m[73][0m              [35m ║[0m
[35m║ [0m[2m       RSI [0m[33m[1m64  [0m[2mMACD [0m[31m[1m ▼  [0m[2mBB% [0m[32m 96%  [0m[2mVOL [0m[32mrising  [0m[2mFUND [0m[2m0.003%  [0m[2mVOLAT [0m[33m0.097%[0m  [32m▇[0m[32m▆[0m[32m▅[0m[32m▅[0m[32m▆[0m[32m▆[0m[32m▆[0m[32m▇[0m[32m▆[0m[32m▇[0m[32m█[0m[32m█[0m[35m ║[0m
[35m╟────────────────────────────────────────────────────────────────────────────╢[0m
[35m║ [0m  [97m[1mSOL  [0m[36m[1m$84.11        [0m[32m[1m+1.62%  [0m[2m1m:[0m[32m+0.39%[0m[2m 5m:[0m[32m+0.67%  [0m[32m▲ UP[0m  [32m[1m[68][0m              [35m ║[0m
[35m║ [0m[2m       RSI [0m[33m[1m65  [0m[2mMACD [0m[31m[1m ▼  [0m[2mBB% [0m[32m 98%  [0m[2mVOL [0m[2mflat    [0m[2mFUND [0m[2m-0.008%  [0m[2mVOLAT [0m[33m0.096%[0m  [32m▆[0m[32m▇[0m[32m▅[0m[32m▆[0m[32m▆[0m[32m▆[0m[32m▇[0m[32m▇[0m[32m▆[0m[32m▇[0m[32m█[0m[32m█[0m[35m ║[0m
[35m╟────────────────────────────────────────────────────────────────────────────╢[0m
[35m║ [0m  [97m[1mXRP  [0m[36m[1m$1.35         [0m[32m[1m+0.57%  [0m[2m1m:[0m[32m+0.00%[0m[2m 5m:[0m[32m+0.51%  [0m[33m↗ SLIGHT UP[0m  [33m[1m[59][0m       [35m ║[0m
[35m║ [0m[2m       RSI [0m[33m[1m60  [0m[2mMACD [0m[31m[1m ▼  [0m[2mBB% [0m[32m 95%  [0m[2mVOL [0m[32mrising  [0m[2mVOLAT [0m[33m0.079%[0m  [32m▇[0m[32m▇[0m[32m▇[0m[32m█[0m[32m▇[0m[32m▇[0m[32m█[0m[32m▇[0m[32m▇[0m[32m▇[0m[32m▇[0m[32m▇[0m  [35m ║[0m
[35m╟────────────────────────────────────────────────────────────────────────────╢[0m
[35m║ [0m  [97m[1mBNB  [0m[36m[1m$627.13       [0m[32m[1m+0.80%  [0m[2m1m:[0m[32m+0.14%[0m[2m 5m:[0m[32m+0.27%  [0m[32m▲ UP[0m  [32m[1m[69][0m              [35m ║[0m
[35m║ [0m[2m       RSI [0m[33m[1m59  [0m[2mMACD [0m[31m[1m ▼  [0m[2mBB% [0m[32m 85%  [0m[2mVOL [0m[32mrising  [0m[2mVOLAT [0m[32m0.059%[0m  [31m▇[0m[31m▇[0m[31m▅[0m[31m▆[0m[31m▇[0m[31m▇[0m[31m▇[0m[31m▇[0m[31m▇[0m[31m▇[0m[31m█[0m[31m▇[0m  [35m ║[0m
[35m╟────────────────────────────────────────────────────────────────────────────╢[0m
[35m╠════════════════════════════════════════════════════════════════════════════╣[0m
[35m║ [0m  [33m[1mLVL 11  🛡 READER[0m  [2m████████░░░░░░░░░░░░ 40%[0m[2m  → 😱FEAR EXPLOIT @LVL12[0m    [35m ║[0m
[35m║ [0m  [2mSkills: [0m[35m📡LIVE FEED 📊TREND READ 👶FIRST CHILD 🎯EDGE FILTER 📐KELLY BET ⚡MULTI-BET 🕯️CANDLE PAT 🔬CALIBRATION ⏱️TIMING 🌊VOL SENSE[0m[35m ║[0m
[35m╟────────────────────────────────────────────────────────────────────────────╢[0m
[35m║ [0m  FUND  [32m[1m$15000.00[0m[2m/$10000  [0m  NET  [31m[1m-268.10[0m  TRADES  [97m772[0m  W/L  [32m391[0m[2m/[0m[31m381[0m  WR  [33m[1m51%[0m[2m  (goal 55%)[0m[35m ║[0m
[35m║ [0m  SLOTS  [32m[1m12/15[0m[2m free  [0m  MIN EDGE  [33m[1m5%[0m  BET  [2m📐KELLY[0m  [35m💰 $5283.08[0m            [35m ║[0m
[35m╠════════════════════════════════════════════════════════════════════════════╣[0m
[34m╠════════════════════════════════════════════════════════════════════════════╣[0m
[35m║ [0m[34m[1m  🌳 DYNASTY TREE[0m[2m  Gen 1  │  ADAN + 12 children[0m[2m  │  Track: [0m[36mQUANT[0m          [35m ║[0m
[34m╟────────────────────────────────────────────────────────────────────────────╢[0m
[35m║ [0m  [35m[1m◈ ADAN[0m[2m [ROOT · GEN1][0m  fund:[36m[1m  $15000[0m  net:[31m[1m$-268[0m  WR:[33m[1m51%[0m  LVL:[35m[1m11[0m          [35m ║[0m
[35m║ [0m  [34m  ├── [0m[36m[1mKRONOS      [0m [33m[1m● NEUTRAL[0m[2m c:40%[0m [33m[1m[64][0m[2m 1m[0m [2mg[0m[33m1[0m [2macc:[0m[2m--[0m[2m(0)[0m                 [35m ║[0m
[35m║ [0m  [34m  ├── [0m[36m[1mE1          [0m [33m[1m● NEUTRAL[0m[2m c:40%[0m [33m[1m[64][0m[2m 1m[0m [2mg[0m[33m1[0m [2macc:[0m[2m--[0m[2m(0)[0m                 [35m ║[0m
[35m║ [0m  [34m  ├── [0m[36m[1mS1          [0m [32m[1m▲ UP  [0m[2m c:79%[0m [32m[1m[69][0m[2m 1m[0m [2mg[0m[33m1[0m [2macc:[0m[2m--[0m[2m(0)[0m                    [35m ║[0m
[35m║ [0m  [34m  ├── [0m[36m[1mHERMES      [0m [31m[1m▼ DOWN[0m[2m c:48%[0m [33m[1m[64][0m[2m 1m[0m [2mg[0m[33m1[0m [2macc:[0m[2m--[0m[2m(0)[0m                    [35m ║[0m
[35m║ [0m  [34m  ├── [0m[36m[1mAT1         [0m [32m[1m▲ UP  [0m[2m c:79%[0m [32m[1m[69][0m[2m 1m[0m [2mg[0m[33m1[0m [2macc:[0m[2m--[0m[2m(0)[0m                    [35m ║[0m
[35m║ [0m  [34m  ├── [0m[36m[1mHELIOS      [0m [33m[1m● NEUTRAL[0m[2m c:40%[0m [33m[1m[64][0m[2m 1m[0m [2mg[0m[33m1[0m [2macc:[0m[2m--[0m[2m(0)[0m                 [35m ║[0m
[35m║ [0m  [34m  ├── [0m[36m[1mAPOLLO      [0m [33m[1m● NEUTRAL[0m[2m c:40%[0m [33m[1m[64][0m[2m 1m[0m [2mg[0m[33m1[0m [2macc:[0m[2m--[0m[2m(0)[0m                 [35m ║[0m
[35m║ [0m  [34m  ├── [0m[36m[1mAD1         [0m [32m[1m▲ UP  [0m[2m c:56%[0m [33m[1m[64][0m[2m 1m[0m [2mg[0m[33m1[0m [2macc:[0m[2m--[0m[2m(0)[0m                    [35m ║[0m
[35m║ [0m  [34m  ├── [0m[36m[1mA2          [0m [32m[1m▲ UP  [0m[2m c:79%[0m [32m[1m[69][0m[2m 1m[0m [2mg[0m[33m1[0m [2macc:[0m[2m--[0m[2m(0)[0m                    [35m ║[0m
[35m║ [0m  [34m  ├── [0m[36m[1mA1          [0m [32m[1m▲ UP  [0m[2m c:79%[0m [32m[1m[69][0m[2m 1m[0m [2mg[0m[33m1[0m [2macc:[0m[2m--[0m[2m(0)[0m                    [35m ║[0m
[35m║ [0m  [34m  ├── [0m[36m[1mATHENA      [0m [32m[1m▲ UP  [0m[2m c:79%[0m [32m[1m[69][0m[2m 1m[0m [2mg[0m[33m1[0m [2macc:[0m[2m--[0m[2m(0)[0m                    [35m ║[0m
[35m║ [0m  [34m  └── [0m[36m[1mDAEDALUS    [0m [32m[1m▲ UP  [0m[2m c:79%[0m [32m[1m[69][0m[2m 1m[0m [2mg[0m[33m1[0m [2macc:[0m[2m--[0m[2m(0)[0m                    [35m ║[0m
[34m╟────────────────────────────────────────────────────────────────────────────╢[0m
[35m║ [0m[34m[1m  🌐 CATEGORY DYNASTY[0m[2m  │  Track: [0m[35mLLM[0m[2m  │  Multi-Market v4.0[0m                [35m ║[0m
[34m╟────────────────────────────────────────────────────────────────────────────╢[0m
[35m║ [0m  [34m  ├── [0m🏛️ [36m[1mpolitics-daily [0m[31m[1m▼ DOWN[0m[2m c:70%[0m[2m e:-57.2%[0m [2mg[0m[33m1[0m [2macc:[0m[2m--[0m[2m(0)[0m[2m 23m[0m         [35m ║[0m
[35m║ [0m  [34m  │   [0m[2m  "Will Marco Rubio win the 2028 Re"[0m                              [35m ║[0m
[35m║ [0m  [34m  ├── [0m⚽ [36m[1msports-daily   [0m[32m[1m▲ UP  [0m[2m c:65%[0m[2m e:32.2%[0m [2mg[0m[33m1[0m [2macc:[0m[2m--[0m[2m(0)[0m[2m 24m[0m            [35m ║[0m
[35m║ [0m  [34m  │   [0m[2m  "Will the Colorado Avalanche win "[0m                              [35m ║[0m
[35m║ [0m  [34m  ├── [0m📊 [36m[1mmacro-weekly   [0m[2m  ···  waiting for scan[0m [2mg[0m[33m1[0m [2macc:[0m[2m--[0m[2m(0)[0m            [35m ║[0m
[35m║ [0m  [34m  ├── [0m🌐 [36m[1mevents-daily   [0m[31m[1m▼ DOWN[0m[2m c:75%[0m[2m e:-24%[0m [2mg[0m[33m1[0m [2macc:[0m[2m--[0m[2m(0)[0m[2m 23m[0m            [35m ║[0m
[35m║ [0m  [34m  │   [0m[2m  "Will the Iranian regime fall by "[0m                              [35m ║[0m
[34m╟────────────────────────────────────────────────────────────────────────────╢[0m
[35m║ [0m  [34mSIGNAL CONSENSUS: [0m[32m[1m▲ BULL CONSENSUS[0m[2m  (7▲ 1▼ 4●)  12/12 children reporting[0m[35m ║[0m
[34m╠════════════════════════════════════════════════════════════════════════════╣[0m
[35m║ [0m  CALIBRATION  [97mBTC[0m[2m:[0m[31m[1m47%[0m[2m(298)[0m   [97mETH[0m[2m:[0m[33m[1m57%[0m[2m(189)[0m   [97mSOL[0m[2m:[0m[33m[1m50%[0m[2m(284)[0m   [97mOTHER[0m[2m:[0m[2m--[0m[2m(1)[0m   [35m ║[0m
[35m╠════════════════════════════════════════════════════════════════════════════╣[0m
[35m║ [0m[33m[1m  OPEN BETS (3)[0m[2m  — monitoring for resolution[0m                              [35m ║[0m
[35m║ [0m[2m  MARKET                              SIDE  MY_P  MKT_P  EDGE   STAKE  CLOSES[0m[35m ║[0m
[35m║ [0m  [97mWill J.D. Vance win the 2028 R[0mYES  [33m   0%[0m   42%[33m[1m-41.6%[0m$null  [2m9:00:00 PM[0m   [35m ║[0m
[35m║ [0m  [97mWill Jesus Christ return befor[0mYES  [33m   0%[0m   48%[33m[1m-48.0%[0m$null  [2m9:00:00 AM[0m   [35m ║[0m
[35m║ [0m  [97mWill J.D. Vance win the 2028 R[0mYES  [33m   0%[0m   42%[33m[1m-41.5%[0m$null  [2m9:00:00 PM[0m   [35m ║[0m
[35m╠════════════════════════════════════════════════════════════════════════════╣[0m
[35m║ [0m[34m[1m  HISTORY[0m[2m  772 trades  ([32m391W[0m/[31m381L[0m)[0m                                        [35m ║[0m
[35m║ [0m  [31m[1m✗ LOSS[0m [97mSolana Up or Down - March 9, 3AM[0m[2m edge:[0m[33m?[0m P&L: [31m0[0m[2m 07:56[0m             [35m ║[0m
[35m║ [0m  [31m[1m✗ LOSS[0m [97mEthereum Up or Down - March 8, 2[0m[2m edge:[0m[33m+5.0%[0m P&L: [31m-100[0m[2m 06:57[0m      [35m ║[0m
[35m║ [0m  [31m[1m✗ LOSS[0m [97mEthereum Up or Down - March 9, 4[0m[2m edge:[0m[33m+5.0%[0m P&L: [31m-100[0m[2m 08:44[0m      [35m ║[0m
[35m║ [0m  [31m[1m✗ LOSS[0m [97mSolana Up or Down - March 9, 3:5[0m[2m edge:[0m[33m+5.0%[0m P&L: [31m-100[0m[2m 07:52[0m      [35m ║[0m
[35m╠════════════════════════════════════════════════════════════════════════════╣[0m
[35m║ [0m[2m  Session offline. 5M/15M/1H markets open ~3PM-10PM ET daily.[0m             [35m ║[0m
[35m║ [0m[2m  Checking resolutions every 5min. New markets scan every 20min.[0m          [35m ║[0m
[35m╚════════════════════════════════════════════════════════════════════════════╝[0m
[35mGOLDEN ROUND TABLE:[0m Apple(NEUTRAL) → Snake(HIGH) → Eva(APPROVED) = PROCEED
[34mPARENT SCANNER:[0m Apple (Contexto y Oportunidad) — loaded from Golden Round Table.
[34mPARENT SCANNER:[0m Snake (Ejecución y Alpha) — loaded from Golden Round Table.
[34mPARENT SCANNER:[0m Eva (Riesgo y Presupuesto) — loaded from Golden Round Table.
[34mPARENT SCANNER:[0m Apple (Contexto y Oportunidad) — loaded from Golden Round Table.
[34mPARENT SCANNER:[0m Snake (Ejecución y Alpha) — loaded from Golden Round Table.
[34mPARENT SCANNER:[0m Eva (Riesgo y Presupuesto) — loaded from Golden Round Table.
[CHILD DIRECT] 🔄 Child scanners completed — intel is fresh
[2J[H
[35m[1m  ╔══════════════════════════════════════════════════════════════════════════╗
  ║[0m[36m[1m     █████╗ ██████╗  █████╗ ███╗   ██╗      ██╗   ██╗██╗  ██╗    ██████╗  [35m[1m║
  ║[0m[36m[1m    ██╔══██╗██╔══██╗██╔══██╗████╗  ██║      ██║   ██║██║  ██║   ██╔═████╗ [35m[1m║
  ║[0m[36m[1m    ███████║██║  ██║███████║██╔██╗ ██║█████╗██║   ██║███████║   ██║██╔██║ [35m[1m║
  ║[0m[36m[1m    ██╔══██║██║  ██║██╔══██║██║╚██╗██║╚════╝╚██╗ ██╔╝╚════██║   ████╔╝██║ [35m[1m║
  ║[0m[36m[1m    ██║  ██║██████╔╝██║  ██║██║ ╚████║       ╚████╔╝      ██║██╗╚██████╔╝ [35m[1m║
  ║[0m[36m[1m    ╚═╝  ╚═╝╚═════╝ ╚═╝  ╚═╝╚═╝  ╚═══╝        ╚═══╝       ╚═╝╚═╝ ╚═════╝  [35m[1m║
  ╠══════════════════════════════════════════════════════════════════════════╣
  ║[0m[2m  Dynasty Multi-Market Autonomaton[0m[2m  ·  [0m[97mGemma-3-27B[0m[2m  ·  [0m[35mby Lord[0m       [35m[1m║
  ║[0m[2m  Polymarket · Binance · [0m[36m[1mhttp://localhost:3141[0m[2m  ·  Gen [0m[33m[1m21[0m[2m  ·  [0m[32m12 children[0m   [35m[1m║
  ╚══════════════════════════════════════════════════════════════════════════╝[0m

[35m╔════════════════════════════════════════════════════════════════════════════╗[0m
[35m║ [0m  [1m[35mADAN[0m  [2m6:28:54 AM[0m  [33m[1m⬤ THINKING[0m                                            [35m ║[0m
[35m╠════════════════════════════════════════════════════════════════════════════╣[0m
[35m║ [0m  [97m[1mENGINE[0m [36mGemma-3-27B[0m  [2m│[0m  [97mQUOTA[0m [32m[2m░░░░░░░░░░[0m [32m0%[0m[2m (0/15000)[0m                    [35m ║[0m
[35m║ [0m  🪙[32mCRYP[0m[2m:0/10000 [0m🏛️[32mPOLI[0m[2m:60/1500 [0m⚽[32mSPOR[0m[2m:12/1500 [0m📊[32mMACR[0m[2m:0/500 [0m🌐[32mEVEN[0m[2m:60/1500 [0m[35m ║[0m
[35m║ [0m  [97m[1mEVOLUTION[0m[2m  gen:[0m[33m[1m21[0m[2m  preds:[0m[97m2488[0m[2m  alive:[0m[32m19[0m[2m  dead:[0m[31m0[0m[2m  best:[0m[32m[1mhermes-btc --[0m[2m(3)[0m  [35m ║[0m
[35m╠════════════════════════════════════════════════════════════════════════════╣[0m
[35m║ [0m  SENTIMENT  [31m█░░░░░░░░░[0m  [31m[1m8/100  EXTREME FEAR[0m [31m↓[0m                            [35m ║[0m
[35m╠════════════════════════════════════════════════════════════════════════════╣[0m
[35m║ [0m[2m  ASSET    PRICE          CHG      TREND(1m/5m)    SIGNAL       SCORE[0m     [35m ║[0m
[35m╟────────────────────────────────────────────────────────────────────────────╢[0m
[35m║ [0m  [97m[1mBTC  [0m[36m[1m$68,021.75    [0m[32m[1m+1.24%  [0m[2m1m:[0m[32m+0.30%[0m[2m 5m:[0m[32m+0.34%  [0m[32m▲ UP[0m  [33m[1m[64][0m              [35m ║[0m
[35m║ [0m[2m       RSI [0m[33m[1m63  [0m[2mMACD [0m[31m[1m ▼  [0m[2mBB% [0m[32m 97%  [0m[2mVOL [0m[2mflat    [0m[2mFUND [0m[2m-0.005%  [0m[2mVOLAT [0m[33m0.074%[0m  [32m▇[0m[32m▆[0m[32m▅[0m[32m▅[0m[32m▆[0m[32m▆[0m[32m▇[0m[32m█[0m[32m▇[0m[32m▇[0m[32m█[0m[32m█[0m[35m ║[0m
[35m╟────────────────────────────────────────────────────────────────────────────╢[0m
[35m║ [0m  [97m[1mETH  [0m[36m[1m$2,004.25     [0m[32m[1m+1.22%  [0m[2m1m:[0m[32m+0.37%[0m[2m 5m:[0m[32m+0.54%  [0m[32m▲ UP[0m  [32m[1m[73][0m              [35m ║[0m
[35m║ [0m[2m       RSI [0m[33m[1m64  [0m[2mMACD [0m[31m[1m ▼  [0m[2mBB% [0m[32m 96%  [0m[2mVOL [0m[32mrising  [0m[2mFUND [0m[2m0.003%  [0m[2mVOLAT [0m[33m0.097%[0m  [32m▇[0m[32m▆[0m[32m▅[0m[32m▅[0m[32m▆[0m[32m▆[0m[32m▆[0m[32m▇[0m[32m▆[0m[32m▇[0m[32m█[0m[32m█[0m[35m ║[0m
[35m╟────────────────────────────────────────────────────────────────────────────╢[0m
[35m║ [0m  [97m[1mSOL  [0m[36m[1m$84.11        [0m[32m[1m+1.62%  [0m[2m1m:[0m[32m+0.39%[0m[2m 5m:[0m[32m+0.67%  [0m[32m▲ UP[0m  [32m[1m[68][0m              [35m ║[0m
[35m║ [0m[2m       RSI [0m[33m[1m65  [0m[2mMACD [0m[31m[1m ▼  [0m[2mBB% [0m[32m 98%  [0m[2mVOL [0m[2mflat    [0m[2mFUND [0m[2m-0.008%  [0m[2mVOLAT [0m[33m0.096%[0m  [32m▆[0m[32m▇[0m[32m▅[0m[32m▆[0m[32m▆[0m[32m▆[0m[32m▇[0m[32m▇[0m[32m▆[0m[32m▇[0m[32m█[0m[32m█[0m[35m ║[0m
[35m╟────────────────────────────────────────────────────────────────────────────╢[0m
[35m║ [0m  [97m[1mXRP  [0m[36m[1m$1.35         [0m[32m[1m+0.57%  [0m[2m1m:[0m[32m+0.00%[0m[2m 5m:[0m[32m+0.51%  [0m[33m↗ SLIGHT UP[0m  [33m[1m[59][0m       [35m ║[0m
[35m║ [0m[2m       RSI [0m[33m[1m60  [0m[2mMACD [0m[31m[1m ▼  [0m[2mBB% [0m[32m 95%  [0m[2mVOL [0m[32mrising  [0m[2mVOLAT [0m[33m0.079%[0m  [32m▇[0m[32m▇[0m[32m▇[0m[32m█[0m[32m▇[0m[32m▇[0m[32m█[0m[32m▇[0m[32m▇[0m[32m▇[0m[32m▇[0m[32m▇[0m  [35m ║[0m
[35m╟────────────────────────────────────────────────────────────────────────────╢[0m
[35m║ [0m  [97m[1mBNB  [0m[36m[1m$627.13       [0m[32m[1m+0.80%  [0m[2m1m:[0m[32m+0.14%[0m[2m 5m:[0m[32m+0.27%  [0m[32m▲ UP[0m  [32m[1m[69][0m              [35m ║[0m
[35m║ [0m[2m       RSI [0m[33m[1m59  [0m[2mMACD [0m[31m[1m ▼  [0m[2mBB% [0m[32m 85%  [0m[2mVOL [0m[32mrising  [0m[2mVOLAT [0m[32m0.059%[0m  [31m▇[0m[31m▇[0m[31m▅[0m[31m▆[0m[31m▇[0m[31m▇[0m[31m▇[0m[31m▇[0m[31m▇[0m[31m▇[0m[31m█[0m[31m▇[0m  [35m ║[0m
[35m╟────────────────────────────────────────────────────────────────────────────╢[0m
[35m╠════════════════════════════════════════════════════════════════════════════╣[0m
[35m║ [0m  [33m[1mLVL 11  🛡 READER[0m  [2m████████░░░░░░░░░░░░ 40%[0m[2m  → 😱FEAR EXPLOIT @LVL12[0m    [35m ║[0m
[35m║ [0m  [2mSkills: [0m[35m📡LIVE FEED 📊TREND READ 👶FIRST CHILD 🎯EDGE FILTER 📐KELLY BET ⚡MULTI-BET 🕯️CANDLE PAT 🔬CALIBRATION ⏱️TIMING 🌊VOL SENSE[0m[35m ║[0m
[35m╟────────────────────────────────────────────────────────────────────────────╢[0m
[35m║ [0m  FUND  [32m[1m$15000.00[0m[2m/$10000  [0m  NET  [31m[1m-268.10[0m  TRADES  [97m772[0m  W/L  [32m391[0m[2m/[0m[31m381[0m  WR  [33m[1m51%[0m[2m  (goal 55%)[0m[35m ║[0m
[35m║ [0m  SLOTS  [32m[1m12/15[0m[2m free  [0m  MIN EDGE  [33m[1m5%[0m  BET  [2m📐KELLY[0m  [35m💰 $5283.08[0m            [35m ║[0m
[35m╠════════════════════════════════════════════════════════════════════════════╣[0m
[34m╠════════════════════════════════════════════════════════════════════════════╣[0m
[35m║ [0m[34m[1m  🌳 DYNASTY TREE[0m[2m  Gen 1  │  ADAN + 12 children[0m[2m  │  Track: [0m[36mQUANT[0m          [35m ║[0m
[34m╟────────────────────────────────────────────────────────────────────────────╢[0m
[35m║ [0m  [35m[1m◈ ADAN[0m[2m [ROOT · GEN1][0m  fund:[36m[1m  $15000[0m  net:[31m[1m$-268[0m  WR:[33m[1m51%[0m  LVL:[35m[1m11[0m          [35m ║[0m
[35m║ [0m  [34m  ├── [0m[36m[1mKRONOS      [0m [32m[1m▲ UP  [0m[2m c:78.75%[0m [33m[1m[64][0m[2m 0m[0m [2mg[0m[33m1[0m [2macc:[0m[2m--[0m[2m(0)[0m                 [35m ║[0m
[35m║ [0m  [34m  ├── [0m[36m[1mE1          [0m [33m[1m● NEUTRAL[0m[2m c:40%[0m [33m[1m[64][0m[2m 0m[0m [2mg[0m[33m1[0m [2macc:[0m[2m--[0m[2m(0)[0m                 [35m ║[0m
[35m║ [0m  [34m  ├── [0m[36m[1mS1          [0m [32m[1m▲ UP  [0m[2m c:71%[0m [32m[1m[69][0m[2m 0m[0m [2mg[0m[33m1[0m [2macc:[0m[2m--[0m[2m(0)[0m                    [35m ║[0m
[35m║ [0m  [34m  ├── [0m[36m[1mHERMES      [0m [33m[1m● NEUTRAL[0m[2m c:40%[0m [33m[1m[64][0m[2m 0m[0m [2mg[0m[33m1[0m [2macc:[0m[2m--[0m[2m(0)[0m                 [35m ║[0m
[35m║ [0m  [34m  ├── [0m[36m[1mAT1         [0m [32m[1m▲ UP  [0m[2m c:79%[0m [32m[1m[73][0m[2m 0m[0m [2mg[0m[33m1[0m [2macc:[0m[2m--[0m[2m(0)[0m                    [35m ║[0m
[35m║ [0m  [34m  ├── [0m[36m[1mHELIOS      [0m [32m[1m▲ UP  [0m[2m c:71%[0m [32m[1m[68][0m[2m 0m[0m [2mg[0m[33m1[0m [2macc:[0m[2m--[0m[2m(0)[0m                    [35m ║[0m
[35m║ [0m  [34m  ├── [0m[36m[1mAPOLLO      [0m [32m[1m▲ UP  [0m[2m c:71%[0m [32m[1m[68][0m[2m 0m[0m [2mg[0m[33m1[0m [2macc:[0m[2m--[0m[2m(0)[0m                    [35m ║[0m
[35m║ [0m  [34m  ├── [0m[36m[1mAD1         [0m [32m[1m▲ UP  [0m[2m c:64%[0m [32m[1m[68][0m[2m 0m[0m [2mg[0m[33m1[0m [2macc:[0m[2m--[0m[2m(0)[0m                    [35m ║[0m
[35m║ [0m  [34m  ├── [0m[36m[1mA2          [0m [32m[1m▲ UP  [0m[2m c:71%[0m [32m[1m[69][0m[2m 0m[0m [2mg[0m[33m1[0m [2macc:[0m[2m--[0m[2m(0)[0m                    [35m ║[0m
[35m║ [0m  [34m  ├── [0m[36m[1mA1          [0m [32m[1m▲ UP  [0m[2m c:71%[0m [32m[1m[69][0m[2m 0m[0m [2mg[0m[33m1[0m [2macc:[0m[2m--[0m[2m(0)[0m                    [35m ║[0m
[35m║ [0m  [34m  ├── [0m[36m[1mATHENA      [0m [32m[1m▲ UP  [0m[2m c:79%[0m [32m[1m[73][0m[2m 0m[0m [2mg[0m[33m1[0m [2macc:[0m[2m--[0m[2m(0)[0m                    [35m ║[0m
[35m║ [0m  [34m  └── [0m[36m[1mDAEDALUS    [0m [32m[1m▲ UP  [0m[2m c:79%[0m [32m[1m[73][0m[2m 0m[0m [2mg[0m[33m1[0m [2macc:[0m[2m--[0m[2m(0)[0m                    [35m ║[0m
[34m╟────────────────────────────────────────────────────────────────────────────╢[0m
[35m║ [0m[34m[1m  🌐 CATEGORY DYNASTY[0m[2m  │  Track: [0m[35mLLM[0m[2m  │  Multi-Market v4.0[0m                [35m ║[0m
[34m╟────────────────────────────────────────────────────────────────────────────╢[0m
[35m║ [0m  [34m  ├── [0m🏛️ [36m[1mpolitics-daily [0m[31m[1m▼ DOWN[0m[2m c:70%[0m[2m e:-57.2%[0m [2mg[0m[33m1[0m [2macc:[0m[2m--[0m[2m(0)[0m[2m 23m[0m         [35m ║[0m
[35m║ [0m  [34m  │   [0m[2m  "Will Marco Rubio win the 2028 Re"[0m                              [35m ║[0m
[35m║ [0m  [34m  ├── [0m⚽ [36m[1msports-daily   [0m[32m[1m▲ UP  [0m[2m c:65%[0m[2m e:32.2%[0m [2mg[0m[33m1[0m [2macc:[0m[2m--[0m[2m(0)[0m[2m 24m[0m            [35m ║[0m
[35m║ [0m  [34m  │   [0m[2m  "Will the Colorado Avalanche win "[0m                              [35m ║[0m
[35m║ [0m  [34m  ├── [0m📊 [36m[1mmacro-weekly   [0m[2m  ···  waiting for scan[0m [2mg[0m[33m1[0m [2macc:[0m[2m--[0m[2m(0)[0m            [35m ║[0m
[35m║ [0m  [34m  ├── [0m🌐 [36m[1mevents-daily   [0m[31m[1m▼ DOWN[0m[2m c:75%[0m[2m e:-24%[0m [2mg[0m[33m1[0m [2macc:[0m[2m--[0m[2m(0)[0m[2m 23m[0m            [35m ║[0m
[35m║ [0m  [34m  │   [0m[2m  "Will the Iranian regime fall by "[0m                              [35m ║[0m
[34m╟────────────────────────────────────────────────────────────────────────────╢[0m
[35m║ [0m  [34mSIGNAL CONSENSUS: [0m[32m[1m▲ BULL CONSENSUS[0m[2m  (10▲ 0▼ 2●)  12/12 children reporting[0m[35m ║[0m
[34m╠════════════════════════════════════════════════════════════════════════════╣[0m
[35m║ [0m  CALIBRATION  [97mBTC[0m[2m:[0m[31m[1m47%[0m[2m(298)[0m   [97mETH[0m[2m:[0m[33m[1m57%[0m[2m(189)[0m   [97mSOL[0m[2m:[0m[33m[1m50%[0m[2m(284)[0m   [97mOTHER[0m[2m:[0m[2m--[0m[2m(1)[0m   [35m ║[0m
[35m╠════════════════════════════════════════════════════════════════════════════╣[0m
[35m║ [0m[33m[1m  OPEN BETS (3)[0m[2m  — monitoring for resolution[0m                              [35m ║[0m
[35m║ [0m[2m  MARKET                              SIDE  MY_P  MKT_P  EDGE   STAKE  CLOSES[0m[35m ║[0m
[35m║ [0m  [97mWill J.D. Vance win the 2028 R[0mYES  [33m   0%[0m   42%[33m[1m-41.6%[0m$null  [2m9:00:00 PM[0m   [35m ║[0m
[35m║ [0m  [97mWill Jesus Christ return befor[0mYES  [33m   0%[0m   48%[33m[1m-48.0%[0m$null  [2m9:00:00 AM[0m   [35m ║[0m
[35m║ [0m  [97mWill J.D. Vance win the 2028 R[0mYES  [33m   0%[0m   42%[33m[1m-41.5%[0m$null  [2m9:00:00 PM[0m   [35m ║[0m
[35m╠════════════════════════════════════════════════════════════════════════════╣[0m
[35m║ [0m[34m[1m  HISTORY[0m[2m  772 trades  ([32m391W[0m/[31m381L[0m)[0m                                        [35m ║[0m
[35m║ [0m  [31m[1m✗ LOSS[0m [97mSolana Up or Down - March 9, 3AM[0m[2m edge:[0m[33m?[0m P&L: [31m0[0m[2m 07:56[0m             [35m ║[0m
[35m║ [0m  [31m[1m✗ LOSS[0m [97mEthereum Up or Down - March 8, 2[0m[2m edge:[0m[33m+5.0%[0m P&L: [31m-100[0m[2m 06:57[0m      [35m ║[0m
[35m║ [0m  [31m[1m✗ LOSS[0m [97mEthereum Up or Down - March 9, 4[0m[2m edge:[0m[33m+5.0%[0m P&L: [31m-100[0m[2m 08:44[0m      [35m ║[0m
[35m║ [0m  [31m[1m✗ LOSS[0m [97mSolana Up or Down - March 9, 3:5[0m[2m edge:[0m[33m+5.0%[0m P&L: [31m-100[0m[2m 07:52[0m      [35m ║[0m
[35m╠════════════════════════════════════════════════════════════════════════════╣[0m
[35m║ [0m[32m[1m  ▸ 5MIN[0m[2m  BTC · ETH · SOL  (closes in minutes)[0m                            [35m ║[0m
[35m║ [0m[2m  ASSET  UP%   EDGE     LIQ       CLOSES[0m                                  [35m ║[0m
[35m║ [0m  [97mSOL [0m[36m  49%[0m[2m +0.4%[0m[2m $12968 [0m[31m[1m1min[0m                                             [35m ║[0m
[35m║ [0m  [97mBTC [0m[36m  46%[0m[2m +1.6%[0m[2m $11402 [0m[31m[1m1min[0m                                             [35m ║[0m
[35m║ [0m  [97mETH [0m[36m  48%[0m[2m +0.8%[0m[2m $15628 [0m[31m[1m1min[0m                                             [35m ║[0m
[35m╟────────────────────────────────────────────────────────────────────────────╢[0m
[35m║ [0m[33m[1m  ▸ 15MIN[0m[2m  BTC · ETH · SOL  (closes in 15 min windows)[0m                    [35m ║[0m
[35m║ [0m  [97mSOL [0m[36m  84%[0m[32m+13.6%[0m[2m  $5149 [0m[31m[1m1min[0m                                             [35m ║[0m
[35m║ [0m  [97mETH [0m[36m  83%[0m[32m+13.2%[0m[2m  $5056 [0m[31m[1m1min[0m                                             [35m ║[0m
[35m╟────────────────────────────────────────────────────────────────────────────╢[0m
[35m║ [0m[36m[1m  ▸ 1H / 4H[0m[2m  BTC · ETH · SOL  (hourly/4h windows)[0m                         [35m ║[0m
[35m║ [0m[2m  — no 1H active right now —[0m                                              [35m ║[0m
[35m╚════════════════════════════════════════════════════════════════════════════╝[0m

[33m┌──────────────────────────────────────────────────────────────────────────────┐[0m
[33m│[0m[1m[33m  ⠼ ADAN THINKING  —  Binance loaded · Gemma-3-27B analyzing...             [0m[33m│[0m
[33m│[0m[2m  Flow: Candles ⠼ Trend ⠼ Polymarket odds ⠼ Edge calc ⠼ BET or SKIP         [0m[33m│[0m
[33m└──────────────────────────────────────────────────────────────────────────────┘[0m

  ⠋ Thinking...                 ⠙ Thinking...                 ⠹ Thinking...                 ⠸ Thinking...                 ⠼ Thinking...                 ⠴ Thinking...                 ⠦ Thinking...                 ⠧ Thinking...                 ⠇ Thinking...                 ⠏ Thinking...                 ⠋ Thinking...                 ⠙ Thinking...                 ⠹ Thinking...                 ⠸ Thinking...                 ⠼ Thinking...                 🔮 HL Oracle: BTC,ETH,SOL | Alerts: 0 critical | Tech: BEARISH
[ADAN] 🍎 APPLE scanning narrative...
                                                                   [2J[H
[35m[1m  ╔══════════════════════════════════════════════════════════════════════════╗
  ║[0m[36m[1m     █████╗ ██████╗  █████╗ ███╗   ██╗      ██╗   ██╗██╗  ██╗    ██████╗  [35m[1m║
  ║[0m[36m[1m    ██╔══██╗██╔══██╗██╔══██╗████╗  ██║      ██║   ██║██║  ██║   ██╔═████╗ [35m[1m║
  ║[0m[36m[1m    ███████║██║  ██║███████║██╔██╗ ██║█████╗██║   ██║███████║   ██║██╔██║ [35m[1m║
  ║[0m[36m[1m    ██╔══██║██║  ██║██╔══██║██║╚██╗██║╚════╝╚██╗ ██╔╝╚════██║   ████╔╝██║ [35m[1m║
  ║[0m[36m[1m    ██║  ██║██████╔╝██║  ██║██║ ╚████║       ╚████╔╝      ██║██╗╚██████╔╝ [35m[1m║
  ║[0m[36m[1m    ╚═╝  ╚═╝╚═════╝ ╚═╝  ╚═╝╚═╝  ╚═══╝        ╚═══╝       ╚═╝╚═╝ ╚═════╝  [35m[1m║
  ╠══════════════════════════════════════════════════════════════════════════╣
  ║[0m[2m  Dynasty Multi-Market Autonomaton[0m[2m  ·  [0m[97mGemma-3-27B[0m[2m  ·  [0m[35mby Lord[0m       [35m[1m║
  ║[0m[2m  Polymarket · Binance · [0m[36m[1mhttp://localhost:3141[0m[2m  ·  Gen [0m[33m[1m21[0m[2m  ·  [0m[32m12 children[0m   [35m[1m║
  ╚══════════════════════════════════════════════════════════════════════════╝[0m

[35m╔════════════════════════════════════════════════════════════════════════════╗[0m
[35m║ [0m  [1m[35mADAN[0m  [2m6:28:56 AM[0m  [33m[1m⬤ THINKING[0m                                            [35m ║[0m
[35m╠════════════════════════════════════════════════════════════════════════════╣[0m
[35m║ [0m  [97m[1mENGINE[0m [36mGemma-3-27B[0m  [2m│[0m  [97mQUOTA[0m [32m[2m░░░░░░░░░░[0m [32m0%[0m[2m (0/15000)[0m                    [35m ║[0m
[35m║ [0m  🪙[32mCRYP[0m[2m:0/10000 [0m🏛️[32mPOLI[0m[2m:60/1500 [0m⚽[32mSPOR[0m[2m:12/1500 [0m📊[32mMACR[0m[2m:0/500 [0m🌐[32mEVEN[0m[2m:60/1500 [0m[35m ║[0m
[35m║ [0m  [97m[1mEVOLUTION[0m[2m  gen:[0m[33m[1m21[0m[2m  preds:[0m[97m2488[0m[2m  alive:[0m[32m19[0m[2m  dead:[0m[31m0[0m[2m  best:[0m[32m[1mhermes-btc --[0m[2m(3)[0m  [35m ║[0m
[35m╠════════════════════════════════════════════════════════════════════════════╣[0m
[35m║ [0m  SENTIMENT  [31m█░░░░░░░░░[0m  [31m[1m8/100  EXTREME FEAR[0m [31m↓[0m                            [35m ║[0m
[35m╠════════════════════════════════════════════════════════════════════════════╣[0m
[35m║ [0m[2m  ASSET    PRICE          CHG      TREND(1m/5m)    SIGNAL       SCORE[0m     [35m ║[0m
[35m╟────────────────────────────────────────────────────────────────────────────╢[0m
[35m║ [0m  [97m[1mBTC  [0m[36m[1m$68,021.75    [0m[32m[1m+1.24%  [0m[2m1m:[0m[32m+0.30%[0m[2m 5m:[0m[32m+0.34%  [0m[32m▲ UP[0m  [33m[1m[64][0m              [35m ║[0m
[35m║ [0m[2m       RSI [0m[33m[1m63  [0m[2mMACD [0m[31m[1m ▼  [0m[2mBB% [0m[32m 97%  [0m[2mVOL [0m[2mflat    [0m[2mFUND [0m[2m-0.005%  [0m[2mVOLAT [0m[33m0.074%[0m  [32m▇[0m[32m▆[0m[32m▅[0m[32m▅[0m[32m▆[0m[32m▆[0m[32m▇[0m[32m█[0m[32m▇[0m[32m▇[0m[32m█[0m[32m█[0m[35m ║[0m
[35m╟────────────────────────────────────────────────────────────────────────────╢[0m
[35m║ [0m  [97m[1mETH  [0m[36m[1m$2,004.25     [0m[32m[1m+1.22%  [0m[2m1m:[0m[32m+0.37%[0m[2m 5m:[0m[32m+0.54%  [0m[32m▲ UP[0m  [32m[1m[73][0m              [35m ║[0m
[35m║ [0m[2m       RSI [0m[33m[1m64  [0m[2mMACD [0m[31m[1m ▼  [0m[2mBB% [0m[32m 96%  [0m[2mVOL [0m[32mrising  [0m[2mFUND [0m[2m0.003%  [0m[2mVOLAT [0m[33m0.097%[0m  [32m▇[0m[32m▆[0m[32m▅[0m[32m▅[0m[32m▆[0m[32m▆[0m[32m▆[0m[32m▇[0m[32m▆[0m[32m▇[0m[32m█[0m[32m█[0m[35m ║[0m
[35m╟────────────────────────────────────────────────────────────────────────────╢[0m
[35m║ [0m  [97m[1mSOL  [0m[36m[1m$84.11        [0m[32m[1m+1.62%  [0m[2m1m:[0m[32m+0.39%[0m[2m 5m:[0m[32m+0.67%  [0m[32m▲ UP[0m  [32m[1m[68][0m              [35m ║[0m
[35m║ [0m[2m       RSI [0m[33m[1m65  [0m[2mMACD [0m[31m[1m ▼  [0m[2mBB% [0m[32m 98%  [0m[2mVOL [0m[2mflat    [0m[2mFUND [0m[2m-0.008%  [0m[2mVOLAT [0m[33m0.096%[0m  [32m▆[0m[32m▇[0m[32m▅[0m[32m▆[0m[32m▆[0m[32m▆[0m[32m▇[0m[32m▇[0m[32m▆[0m[32m▇[0m[32m█[0m[32m█[0m[35m ║[0m
[35m╟────────────────────────────────────────────────────────────────────────────╢[0m
[35m║ [0m  [97m[1mXRP  [0m[36m[1m$1.35         [0m[32m[1m+0.57%  [0m[2m1m:[0m[32m+0.00%[0m[2m 5m:[0m[32m+0.51%  [0m[33m↗ SLIGHT UP[0m  [33m[1m[59][0m       [35m ║[0m
[35m║ [0m[2m       RSI [0m[33m[1m60  [0m[2mMACD [0m[31m[1m ▼  [0m[2mBB% [0m[32m 95%  [0m[2mVOL [0m[32mrising  [0m[2mVOLAT [0m[33m0.079%[0m  [32m▇[0m[32m▇[0m[32m▇[0m[32m█[0m[32m▇[0m[32m▇[0m[32m█[0m[32m▇[0m[32m▇[0m[32m▇[0m[32m▇[0m[32m▇[0m  [35m ║[0m
[35m╟────────────────────────────────────────────────────────────────────────────╢[0m
[35m║ [0m  [97m[1mBNB  [0m[36m[1m$627.13       [0m[32m[1m+0.80%  [0m[2m1m:[0m[32m+0.14%[0m[2m 5m:[0m[32m+0.27%  [0m[32m▲ UP[0m  [32m[1m[69][0m              [35m ║[0m
[35m║ [0m[2m       RSI [0m[33m[1m59  [0m[2mMACD [0m[31m[1m ▼  [0m[2mBB% [0m[32m 85%  [0m[2mVOL [0m[32mrising  [0m[2mVOLAT [0m[32m0.059%[0m  [31m▇[0m[31m▇[0m[31m▅[0m[31m▆[0m[31m▇[0m[31m▇[0m[31m▇[0m[31m▇[0m[31m▇[0m[31m▇[0m[31m█[0m[31m▇[0m  [35m ║[0m
[35m╟────────────────────────────────────────────────────────────────────────────╢[0m
[35m╠════════════════════════════════════════════════════════════════════════════╣[0m
[35m║ [0m  [33m[1mLVL 11  🛡 READER[0m  [2m████████░░░░░░░░░░░░ 40%[0m[2m  → 😱FEAR EXPLOIT @LVL12[0m    [35m ║[0m
[35m║ [0m  [2mSkills: [0m[35m📡LIVE FEED 📊TREND READ 👶FIRST CHILD 🎯EDGE FILTER 📐KELLY BET ⚡MULTI-BET 🕯️CANDLE PAT 🔬CALIBRATION ⏱️TIMING 🌊VOL SENSE[0m[35m ║[0m
[35m╟────────────────────────────────────────────────────────────────────────────╢[0m
[35m║ [0m  FUND  [32m[1m$15000.00[0m[2m/$10000  [0m  NET  [31m[1m-268.10[0m  TRADES  [97m772[0m  W/L  [32m391[0m[2m/[0m[31m381[0m  WR  [33m[1m51%[0m[2m  (goal 55%)[0m[35m ║[0m
[35m║ [0m  SLOTS  [32m[1m12/15[0m[2m free  [0m  MIN EDGE  [33m[1m5%[0m  BET  [2m📐KELLY[0m  [35m💰 $5283.08[0m            [35m ║[0m
[35m╠════════════════════════════════════════════════════════════════════════════╣[0m
[34m╠════════════════════════════════════════════════════════════════════════════╣[0m
[35m║ [0m[34m[1m  🌳 DYNASTY TREE[0m[2m  Gen 1  │  ADAN + 12 children[0m[2m  │  Track: [0m[36mQUANT[0m          [35m ║[0m
[34m╟────────────────────────────────────────────────────────────────────────────╢[0m
[35m║ [0m  [35m[1m◈ ADAN[0m[2m [ROOT · GEN1][0m  fund:[36m[1m  $15000[0m  net:[31m[1m$-268[0m  WR:[33m[1m51%[0m  LVL:[35m[1m11[0m          [35m ║[0m
[35m║ [0m  [34m  ├── [0m[36m[1mKRONOS      [0m [32m[1m▲ UP  [0m[2m c:78.75%[0m [33m[1m[64][0m[2m 0m[0m [2mg[0m[33m1[0m [2macc:[0m[2m--[0m[2m(0)[0m                 [35m ║[0m
[35m║ [0m  [34m  ├── [0m[36m[1mE1          [0m [33m[1m● NEUTRAL[0m[2m c:40%[0m [33m[1m[64][0m[2m 0m[0m [2mg[0m[33m1[0m [2macc:[0m[2m--[0m[2m(0)[0m                 [35m ║[0m
[35m║ [0m  [34m  ├── [0m[36m[1mS1          [0m [32m[1m▲ UP  [0m[2m c:71%[0m [32m[1m[69][0m[2m 0m[0m [2mg[0m[33m1[0m [2macc:[0m[2m--[0m[2m(0)[0m                    [35m ║[0m
[35m║ [0m  [34m  ├── [0m[36m[1mHERMES      [0m [33m[1m● NEUTRAL[0m[2m c:40%[0m [33m[1m[64][0m[2m 0m[0m [2mg[0m[33m1[0m [2macc:[0m[2m--[0m[2m(0)[0m                 [35m ║[0m
[35m║ [0m  [34m  ├── [0m[36m[1mAT1         [0m [32m[1m▲ UP  [0m[2m c:79%[0m [32m[1m[73][0m[2m 0m[0m [2mg[0m[33m1[0m [2macc:[0m[2m--[0m[2m(0)[0m                    [35m ║[0m
[35m║ [0m  [34m  ├── [0m[36m[1mHELIOS      [0m [32m[1m▲ UP  [0m[2m c:71%[0m [32m[1m[68][0m[2m 0m[0m [2mg[0m[33m1[0m [2macc:[0m[2m--[0m[2m(0)[0m                    [35m ║[0m
[35m║ [0m  [34m  ├── [0m[36m[1mAPOLLO      [0m [32m[1m▲ UP  [0m[2m c:71%[0m [32m[1m[68][0m[2m 0m[0m [2mg[0m[33m1[0m [2macc:[0m[2m--[0m[2m(0)[0m                    [35m ║[0m
[35m║ [0m  [34m  ├── [0m[36m[1mAD1         [0m [32m[1m▲ UP  [0m[2m c:64%[0m [32m[1m[68][0m[2m 0m[0m [2mg[0m[33m1[0m [2macc:[0m[2m--[0m[2m(0)[0m                    [35m ║[0m
[35m║ [0m  [34m  ├── [0m[36m[1mA2          [0m [32m[1m▲ UP  [0m[2m c:71%[0m [32m[1m[69][0m[2m 0m[0m [2mg[0m[33m1[0m [2macc:[0m[2m--[0m[2m(0)[0m                    [35m ║[0m
[35m║ [0m  [34m  ├── [0m[36m[1mA1          [0m [32m[1m▲ UP  [0m[2m c:71%[0m [32m[1m[69][0m[2m 0m[0m [2mg[0m[33m1[0m [2macc:[0m[2m--[0m[2m(0)[0m                    [35m ║[0m
[35m║ [0m  [34m  ├── [0m[36m[1mATHENA      [0m [32m[1m▲ UP  [0m[2m c:79%[0m [32m[1m[73][0m[2m 0m[0m [2mg[0m[33m1[0m [2macc:[0m[2m--[0m[2m(0)[0m                    [35m ║[0m
[35m║ [0m  [34m  └── [0m[36m[1mDAEDALUS    [0m [32m[1m▲ UP  [0m[2m c:79%[0m [32m[1m[73][0m[2m 0m[0m [2mg[0m[33m1[0m [2macc:[0m[2m--[0m[2m(0)[0m                    [35m ║[0m
[34m╟────────────────────────────────────────────────────────────────────────────╢[0m
[35m║ [0m[34m[1m  🌐 CATEGORY DYNASTY[0m[2m  │  Track: [0m[35mLLM[0m[2m  │  Multi-Market v4.0[0m                [35m ║[0m
[34m╟────────────────────────────────────────────────────────────────────────────╢[0m
[35m║ [0m  [34m  ├── [0m🏛️ [36m[1mpolitics-daily [0m[31m[1m▼ DOWN[0m[2m c:70%[0m[2m e:-57.2%[0m [2mg[0m[33m1[0m [2macc:[0m[2m--[0m[2m(0)[0m[2m 23m[0m         [35m ║[0m
[35m║ [0m  [34m  │   [0m[2m  "Will Marco Rubio win the 2028 Re"[0m                              [35m ║[0m
[35m║ [0m  [34m  ├── [0m⚽ [36m[1msports-daily   [0m[32m[1m▲ UP  [0m[2m c:65%[0m[2m e:32.2%[0m [2mg[0m[33m1[0m [2macc:[0m[2m--[0m[2m(0)[0m[2m 24m[0m            [35m ║[0m
[35m║ [0m  [34m  │   [0m[2m  "Will the Colorado Avalanche win "[0m                              [35m ║[0m
[35m║ [0m  [34m  ├── [0m📊 [36m[1mmacro-weekly   [0m[2m  ···  waiting for scan[0m [2mg[0m[33m1[0m [2macc:[0m[2m--[0m[2m(0)[0m            [35m ║[0m
[35m║ [0m  [34m  ├── [0m🌐 [36m[1mevents-daily   [0m[31m[1m▼ DOWN[0m[2m c:75%[0m[2m e:-24%[0m [2mg[0m[33m1[0m [2macc:[0m[2m--[0m[2m(0)[0m[2m 23m[0m            [35m ║[0m
[35m║ [0m  [34m  │   [0m[2m  "Will the Iranian regime fall by "[0m                              [35m ║[0m
[34m╟────────────────────────────────────────────────────────────────────────────╢[0m
[35m║ [0m  [34mSIGNAL CONSENSUS: [0m[32m[1m▲ BULL CONSENSUS[0m[2m  (10▲ 0▼ 2●)  12/12 children reporting[0m[35m ║[0m
[34m╠════════════════════════════════════════════════════════════════════════════╣[0m
[35m║ [0m  CALIBRATION  [97mBTC[0m[2m:[0m[31m[1m47%[0m[2m(298)[0m   [97mETH[0m[2m:[0m[33m[1m57%[0m[2m(189)[0m   [97mSOL[0m[2m:[0m[33m[1m50%[0m[2m(284)[0m   [97mOTHER[0m[2m:[0m[2m--[0m[2m(1)[0m   [35m ║[0m
[35m╠════════════════════════════════════════════════════════════════════════════╣[0m
[35m║ [0m[33m[1m  OPEN BETS (3)[0m[2m  — monitoring for resolution[0m                              [35m ║[0m
[35m║ [0m[2m  MARKET                              SIDE  MY_P  MKT_P  EDGE   STAKE  CLOSES[0m[35m ║[0m
[35m║ [0m  [97mWill J.D. Vance win the 2028 R[0mYES  [33m   0%[0m   42%[33m[1m-41.6%[0m$null  [2m9:00:00 PM[0m   [35m ║[0m
[35m║ [0m  [97mWill Jesus Christ return befor[0mYES  [33m   0%[0m   48%[33m[1m-48.0%[0m$null  [2m9:00:00 AM[0m   [35m ║[0m
[35m║ [0m  [97mWill J.D. Vance win the 2028 R[0mYES  [33m   0%[0m   42%[33m[1m-41.5%[0m$null  [2m9:00:00 PM[0m   [35m ║[0m
[35m╠════════════════════════════════════════════════════════════════════════════╣[0m
[35m║ [0m[34m[1m  HISTORY[0m[2m  772 trades  ([32m391W[0m/[31m381L[0m)[0m                                        [35m ║[0m
[35m║ [0m  [31m[1m✗ LOSS[0m [97mSolana Up or Down - March 9, 3AM[0m[2m edge:[0m[33m?[0m P&L: [31m0[0m[2m 07:56[0m             [35m ║[0m
[35m║ [0m  [31m[1m✗ LOSS[0m [97mEthereum Up or Down - March 8, 2[0m[2m edge:[0m[33m+5.0%[0m P&L: [31m-100[0m[2m 06:57[0m      [35m ║[0m
[35m║ [0m  [31m[1m✗ LOSS[0m [97mEthereum Up or Down - March 9, 4[0m[2m edge:[0m[33m+5.0%[0m P&L: [31m-100[0m[2m 08:44[0m      [35m ║[0m
[35m║ [0m  [31m[1m✗ LOSS[0m [97mSolana Up or Down - March 9, 3:5[0m[2m edge:[0m[33m+5.0%[0m P&L: [31m-100[0m[2m 07:52[0m      [35m ║[0m
[35m╠════════════════════════════════════════════════════════════════════════════╣[0m
[35m║ [0m[32m[1m  ▸ 5MIN[0m[2m  BTC · ETH · SOL  (closes in minutes)[0m                            [35m ║[0m
[35m║ [0m[2m  ASSET  UP%   EDGE     LIQ       CLOSES[0m                                  [35m ║[0m
[35m║ [0m  [97mSOL [0m[36m  49%[0m[2m +0.4%[0m[2m $12968 [0m[31m[1m1min[0m                                             [35m ║[0m
[35m║ [0m  [97mBTC [0m[36m  46%[0m[2m +1.6%[0m[2m $11402 [0m[31m[1m1min[0m                                             [35m ║[0m
[35m║ [0m  [97mETH [0m[36m  48%[0m[2m +0.8%[0m[2m $15628 [0m[31m[1m1min[0m                                             [35m ║[0m
[35m╟────────────────────────────────────────────────────────────────────────────╢[0m
[35m║ [0m[33m[1m  ▸ 15MIN[0m[2m  BTC · ETH · SOL  (closes in 15 min windows)[0m                    [35m ║[0m
[35m║ [0m  [97mSOL [0m[36m  84%[0m[32m+13.6%[0m[2m  $5149 [0m[31m[1m1min[0m                                             [35m ║[0m
[35m║ [0m  [97mETH [0m[36m  83%[0m[32m+13.2%[0m[2m  $5056 [0m[31m[1m1min[0m                                             [35m ║[0m
[35m╟────────────────────────────────────────────────────────────────────────────╢[0m
[35m║ [0m[36m[1m  ▸ 1H / 4H[0m[2m  BTC · ETH · SOL  (hourly/4h windows)[0m                         [35m ║[0m
[35m║ [0m[2m  — no 1H active right now —[0m                                              [35m ║[0m
[35m╚════════════════════════════════════════════════════════════════════════════╝[0m

[33m┌──────────────────────────────────────────────────────────────────────────────┐[0m
[33m│[0m[1m[33m  ⠧ ADAN THINKING  —  Binance loaded · Gemma-3-27B analyzing...             [0m[33m│[0m
[33m│[0m[2m  Flow: Candles ⠧ Trend ⠧ Polymarket odds ⠧ Edge calc ⠧ BET or SKIP         [0m[33m│[0m
[33m└──────────────────────────────────────────────────────────────────────────────┘[0m

                                                                   [ADAN] 🐍 SNAKE analyzing order book...
                                                                   [2J[H
[35m[1m  ╔══════════════════════════════════════════════════════════════════════════╗
  ║[0m[36m[1m     █████╗ ██████╗  █████╗ ███╗   ██╗      ██╗   ██╗██╗  ██╗    ██████╗  [35m[1m║
  ║[0m[36m[1m    ██╔══██╗██╔══██╗██╔══██╗████╗  ██║      ██║   ██║██║  ██║   ██╔═████╗ [35m[1m║
  ║[0m[36m[1m    ███████║██║  ██║███████║██╔██╗ ██║█████╗██║   ██║███████║   ██║██╔██║ [35m[1m║
  ║[0m[36m[1m    ██╔══██║██║  ██║██╔══██║██║╚██╗██║╚════╝╚██╗ ██╔╝╚════██║   ████╔╝██║ [35m[1m║
  ║[0m[36m[1m    ██║  ██║██████╔╝██║  ██║██║ ╚████║       ╚████╔╝      ██║██╗╚██████╔╝ [35m[1m║
  ║[0m[36m[1m    ╚═╝  ╚═╝╚═════╝ ╚═╝  ╚═╝╚═╝  ╚═══╝        ╚═══╝       ╚═╝╚═╝ ╚═════╝  [35m[1m║
  ╠══════════════════════════════════════════════════════════════════════════╣
  ║[0m[2m  Dynasty Multi-Market Autonomaton[0m[2m  ·  [0m[97mGemma-3-27B[0m[2m  ·  [0m[35mby Lord[0m       [35m[1m║
  ║[0m[2m  Polymarket · Binance · [0m[36m[1mhttp://localhost:3141[0m[2m  ·  Gen [0m[33m[1m21[0m[2m  ·  [0m[32m12 children[0m   [35m[1m║
  ╚══════════════════════════════════════════════════════════════════════════╝[0m

[35m╔════════════════════════════════════════════════════════════════════════════╗[0m
[35m║ [0m  [1m[35mADAN[0m  [2m6:28:56 AM[0m  [33m[1m⬤ THINKING[0m                                            [35m ║[0m
[35m╠════════════════════════════════════════════════════════════════════════════╣[0m
[35m║ [0m  [97m[1mENGINE[0m [36mGemma-3-27B[0m  [2m│[0m  [97mQUOTA[0m [32m[2m░░░░░░░░░░[0m [32m0%[0m[2m (0/15000)[0m                    [35m ║[0m
[35m║ [0m  🪙[32mCRYP[0m[2m:0/10000 [0m🏛️[32mPOLI[0m[2m:60/1500 [0m⚽[32mSPOR[0m[2m:12/1500 [0m📊[32mMACR[0m[2m:0/500 [0m🌐[32mEVEN[0m[2m:60/1500 [0m[35m ║[0m
[35m║ [0m  [97m[1mEVOLUTION[0m[2m  gen:[0m[33m[1m21[0m[2m  preds:[0m[97m2488[0m[2m  alive:[0m[32m19[0m[2m  dead:[0m[31m0[0m[2m  best:[0m[32m[1mhermes-btc --[0m[2m(3)[0m  [35m ║[0m
[35m╠════════════════════════════════════════════════════════════════════════════╣[0m
[35m║ [0m  SENTIMENT  [31m█░░░░░░░░░[0m  [31m[1m8/100  EXTREME FEAR[0m [31m↓[0m                            [35m ║[0m
[35m╠════════════════════════════════════════════════════════════════════════════╣[0m
[35m║ [0m[2m  ASSET    PRICE          CHG      TREND(1m/5m)    SIGNAL       SCORE[0m     [35m ║[0m
[35m╟────────────────────────────────────────────────────────────────────────────╢[0m
[35m║ [0m  [97m[1mBTC  [0m[36m[1m$68,021.75    [0m[32m[1m+1.24%  [0m[2m1m:[0m[32m+0.30%[0m[2m 5m:[0m[32m+0.34%  [0m[32m▲ UP[0m  [33m[1m[64][0m              [35m ║[0m
[35m║ [0m[2m       RSI [0m[33m[1m63  [0m[2mMACD [0m[31m[1m ▼  [0m[2mBB% [0m[32m 97%  [0m[2mVOL [0m[2mflat    [0m[2mFUND [0m[2m-0.005%  [0m[2mVOLAT [0m[33m0.074%[0m  [32m▇[0m[32m▆[0m[32m▅[0m[32m▅[0m[32m▆[0m[32m▆[0m[32m▇[0m[32m█[0m[32m▇[0m[32m▇[0m[32m█[0m[32m█[0m[35m ║[0m
[35m╟────────────────────────────────────────────────────────────────────────────╢[0m
[35m║ [0m  [97m[1mETH  [0m[36m[1m$2,004.25     [0m[32m[1m+1.22%  [0m[2m1m:[0m[32m+0.37%[0m[2m 5m:[0m[32m+0.54%  [0m[32m▲ UP[0m  [32m[1m[73][0m              [35m ║[0m
[35m║ [0m[2m       RSI [0m[33m[1m64  [0m[2mMACD [0m[31m[1m ▼  [0m[2mBB% [0m[32m 96%  [0m[2mVOL [0m[32mrising  [0m[2mFUND [0m[2m0.003%  [0m[2mVOLAT [0m[33m0.097%[0m  [32m▇[0m[32m▆[0m[32m▅[0m[32m▅[0m[32m▆[0m[32m▆[0m[32m▆[0m[32m▇[0m[32m▆[0m[32m▇[0m[32m█[0m[32m█[0m[35m ║[0m
[35m╟────────────────────────────────────────────────────────────────────────────╢[0m
[35m║ [0m  [97m[1mSOL  [0m[36m[1m$84.11        [0m[32m[1m+1.62%  [0m[2m1m:[0m[32m+0.39%[0m[2m 5m:[0m[32m+0.67%  [0m[32m▲ UP[0m  [32m[1m[68][0m              [35m ║[0m
[35m║ [0m[2m       RSI [0m[33m[1m65  [0m[2mMACD [0m[31m[1m ▼  [0m[2mBB% [0m[32m 98%  [0m[2mVOL [0m[2mflat    [0m[2mFUND [0m[2m-0.008%  [0m[2mVOLAT [0m[33m0.096%[0m  [32m▆[0m[32m▇[0m[32m▅[0m[32m▆[0m[32m▆[0m[32m▆[0m[32m▇[0m[32m▇[0m[32m▆[0m[32m▇[0m[32m█[0m[32m█[0m[35m ║[0m
[35m╟────────────────────────────────────────────────────────────────────────────╢[0m
[35m║ [0m  [97m[1mXRP  [0m[36m[1m$1.35         [0m[32m[1m+0.57%  [0m[2m1m:[0m[32m+0.00%[0m[2m 5m:[0m[32m+0.51%  [0m[33m↗ SLIGHT UP[0m  [33m[1m[59][0m       [35m ║[0m
[35m║ [0m[2m       RSI [0m[33m[1m60  [0m[2mMACD [0m[31m[1m ▼  [0m[2mBB% [0m[32m 95%  [0m[2mVOL [0m[32mrising  [0m[2mVOLAT [0m[33m0.079%[0m  [32m▇[0m[32m▇[0m[32m▇[0m[32m█[0m[32m▇[0m[32m▇[0m[32m█[0m[32m▇[0m[32m▇[0m[32m▇[0m[32m▇[0m[32m▇[0m  [35m ║[0m
[35m╟────────────────────────────────────────────────────────────────────────────╢[0m
[35m║ [0m  [97m[1mBNB  [0m[36m[1m$627.13       [0m[32m[1m+0.80%  [0m[2m1m:[0m[32m+0.14%[0m[2m 5m:[0m[32m+0.27%  [0m[32m▲ UP[0m  [32m[1m[69][0m              [35m ║[0m
[35m║ [0m[2m       RSI [0m[33m[1m59  [0m[2mMACD [0m[31m[1m ▼  [0m[2mBB% [0m[32m 85%  [0m[2mVOL [0m[32mrising  [0m[2mVOLAT [0m[32m0.059%[0m  [31m▇[0m[31m▇[0m[31m▅[0m[31m▆[0m[31m▇[0m[31m▇[0m[31m▇[0m[31m▇[0m[31m▇[0m[31m▇[0m[31m█[0m[31m▇[0m  [35m ║[0m
[35m╟────────────────────────────────────────────────────────────────────────────╢[0m
[35m╠════════════════════════════════════════════════════════════════════════════╣[0m
[35m║ [0m  [33m[1mLVL 11  🛡 READER[0m  [2m████████░░░░░░░░░░░░ 40%[0m[2m  → 😱FEAR EXPLOIT @LVL12[0m    [35m ║[0m
[35m║ [0m  [2mSkills: [0m[35m📡LIVE FEED 📊TREND READ 👶FIRST CHILD 🎯EDGE FILTER 📐KELLY BET ⚡MULTI-BET 🕯️CANDLE PAT 🔬CALIBRATION ⏱️TIMING 🌊VOL SENSE[0m[35m ║[0m
[35m╟────────────────────────────────────────────────────────────────────────────╢[0m
[35m║ [0m  FUND  [32m[1m$15000.00[0m[2m/$10000  [0m  NET  [31m[1m-268.10[0m  TRADES  [97m772[0m  W/L  [32m391[0m[2m/[0m[31m381[0m  WR  [33m[1m51%[0m[2m  (goal 55%)[0m[35m ║[0m
[35m║ [0m  SLOTS  [32m[1m12/15[0m[2m free  [0m  MIN EDGE  [33m[1m5%[0m  BET  [2m📐KELLY[0m  [35m💰 $5283.08[0m            [35m ║[0m
[35m╠════════════════════════════════════════════════════════════════════════════╣[0m
[34m╠════════════════════════════════════════════════════════════════════════════╣[0m
[35m║ [0m[34m[1m  🌳 DYNASTY TREE[0m[2m  Gen 1  │  ADAN + 12 children[0m[2m  │  Track: [0m[36mQUANT[0m          [35m ║[0m
[34m╟────────────────────────────────────────────────────────────────────────────╢[0m
[35m║ [0m  [35m[1m◈ ADAN[0m[2m [ROOT · GEN1][0m  fund:[36m[1m  $15000[0m  net:[31m[1m$-268[0m  WR:[33m[1m51%[0m  LVL:[35m[1m11[0m          [35m ║[0m
[35m║ [0m  [34m  ├── [0m[36m[1mKRONOS      [0m [32m[1m▲ UP  [0m[2m c:78.75%[0m [33m[1m[64][0m[2m 0m[0m [2mg[0m[33m1[0m [2macc:[0m[2m--[0m[2m(0)[0m                 [35m ║[0m
[35m║ [0m  [34m  ├── [0m[36m[1mE1          [0m [33m[1m● NEUTRAL[0m[2m c:40%[0m [33m[1m[64][0m[2m 0m[0m [2mg[0m[33m1[0m [2macc:[0m[2m--[0m[2m(0)[0m                 [35m ║[0m
[35m║ [0m  [34m  ├── [0m[36m[1mS1          [0m [32m[1m▲ UP  [0m[2m c:71%[0m [32m[1m[69][0m[2m 0m[0m [2mg[0m[33m1[0m [2macc:[0m[2m--[0m[2m(0)[0m                    [35m ║[0m
[35m║ [0m  [34m  ├── [0m[36m[1mHERMES      [0m [33m[1m● NEUTRAL[0m[2m c:40%[0m [33m[1m[64][0m[2m 0m[0m [2mg[0m[33m1[0m [2macc:[0m[2m--[0m[2m(0)[0m                 [35m ║[0m
[35m║ [0m  [34m  ├── [0m[36m[1mAT1         [0m [32m[1m▲ UP  [0m[2m c:79%[0m [32m[1m[73][0m[2m 0m[0m [2mg[0m[33m1[0m [2macc:[0m[2m--[0m[2m(0)[0m                    [35m ║[0m
[35m║ [0m  [34m  ├── [0m[36m[1mHELIOS      [0m [32m[1m▲ UP  [0m[2m c:71%[0m [32m[1m[68][0m[2m 0m[0m [2mg[0m[33m1[0m [2macc:[0m[2m--[0m[2m(0)[0m                    [35m ║[0m
[35m║ [0m  [34m  ├── [0m[36m[1mAPOLLO      [0m [32m[1m▲ UP  [0m[2m c:71%[0m [32m[1m[68][0m[2m 0m[0m [2mg[0m[33m1[0m [2macc:[0m[2m--[0m[2m(0)[0m                    [35m ║[0m
[35m║ [0m  [34m  ├── [0m[36m[1mAD1         [0m [32m[1m▲ UP  [0m[2m c:64%[0m [32m[1m[68][0m[2m 0m[0m [2mg[0m[33m1[0m [2macc:[0m[2m--[0m[2m(0)[0m                    [35m ║[0m
[35m║ [0m  [34m  ├── [0m[36m[1mA2          [0m [32m[1m▲ UP  [0m[2m c:71%[0m [32m[1m[69][0m[2m 0m[0m [2mg[0m[33m1[0m [2macc:[0m[2m--[0m[2m(0)[0m                    [35m ║[0m
[35m║ [0m  [34m  ├── [0m[36m[1mA1          [0m [32m[1m▲ UP  [0m[2m c:71%[0m [32m[1m[69][0m[2m 0m[0m [2mg[0m[33m1[0m [2macc:[0m[2m--[0m[2m(0)[0m                    [35m ║[0m
[35m║ [0m  [34m  ├── [0m[36m[1mATHENA      [0m [32m[1m▲ UP  [0m[2m c:79%[0m [32m[1m[73][0m[2m 0m[0m [2mg[0m[33m1[0m [2macc:[0m[2m--[0m[2m(0)[0m                    [35m ║[0m
[35m║ [0m  [34m  └── [0m[36m[1mDAEDALUS    [0m [32m[1m▲ UP  [0m[2m c:79%[0m [32m[1m[73][0m[2m 0m[0m [2mg[0m[33m1[0m [2macc:[0m[2m--[0m[2m(0)[0m                    [35m ║[0m
[34m╟────────────────────────────────────────────────────────────────────────────╢[0m
[35m║ [0m[34m[1m  🌐 CATEGORY DYNASTY[0m[2m  │  Track: [0m[35mLLM[0m[2m  │  Multi-Market v4.0[0m                [35m ║[0m
[34m╟────────────────────────────────────────────────────────────────────────────╢[0m
[35m║ [0m  [34m  ├── [0m🏛️ [36m[1mpolitics-daily [0m[31m[1m▼ DOWN[0m[2m c:70%[0m[2m e:-57.2%[0m [2mg[0m[33m1[0m [2macc:[0m[2m--[0m[2m(0)[0m[2m 23m[0m         [35m ║[0m
[35m║ [0m  [34m  │   [0m[2m  "Will Marco Rubio win the 2028 Re"[0m                              [35m ║[0m
[35m║ [0m  [34m  ├── [0m⚽ [36m[1msports-daily   [0m[32m[1m▲ UP  [0m[2m c:65%[0m[2m e:32.2%[0m [2mg[0m[33m1[0m [2macc:[0m[2m--[0m[2m(0)[0m[2m 24m[0m            [35m ║[0m
[35m║ [0m  [34m  │   [0m[2m  "Will the Colorado Avalanche win "[0m                              [35m ║[0m
[35m║ [0m  [34m  ├── [0m📊 [36m[1mmacro-weekly   [0m[2m  ···  waiting for scan[0m [2mg[0m[33m1[0m [2macc:[0m[2m--[0m[2m(0)[0m            [35m ║[0m
[35m║ [0m  [34m  ├── [0m🌐 [36m[1mevents-daily   [0m[31m[1m▼ DOWN[0m[2m c:75%[0m[2m e:-24%[0m [2mg[0m[33m1[0m [2macc:[0m[2m--[0m[2m(0)[0m[2m 23m[0m            [35m ║[0m
[35m║ [0m  [34m  │   [0m[2m  "Will the Iranian regime fall by "[0m                              [35m ║[0m
[34m╟────────────────────────────────────────────────────────────────────────────╢[0m
[35m║ [0m  [34mSIGNAL CONSENSUS: [0m[32m[1m▲ BULL CONSENSUS[0m[2m  (10▲ 0▼ 2●)  12/12 children reporting[0m[35m ║[0m
[34m╠════════════════════════════════════════════════════════════════════════════╣[0m
[35m║ [0m  CALIBRATION  [97mBTC[0m[2m:[0m[31m[1m47%[0m[2m(298)[0m   [97mETH[0m[2m:[0m[33m[1m57%[0m[2m(189)[0m   [97mSOL[0m[2m:[0m[33m[1m50%[0m[2m(284)[0m   [97mOTHER[0m[2m:[0m[2m--[0m[2m(1)[0m   [35m ║[0m
[35m╠════════════════════════════════════════════════════════════════════════════╣[0m
[35m║ [0m[33m[1m  OPEN BETS (3)[0m[2m  — monitoring for resolution[0m                              [35m ║[0m
[35m║ [0m[2m  MARKET                              SIDE  MY_P  MKT_P  EDGE   STAKE  CLOSES[0m[35m ║[0m
[35m║ [0m  [97mWill J.D. Vance win the 2028 R[0mYES  [33m   0%[0m   42%[33m[1m-41.6%[0m$null  [2m9:00:00 PM[0m   [35m ║[0m
[35m║ [0m  [97mWill Jesus Christ return befor[0mYES  [33m   0%[0m   48%[33m[1m-48.0%[0m$null  [2m9:00:00 AM[0m   [35m ║[0m
[35m║ [0m  [97mWill J.D. Vance win the 2028 R[0mYES  [33m   0%[0m   42%[33m[1m-41.5%[0m$null  [2m9:00:00 PM[0m   [35m ║[0m
[35m╠════════════════════════════════════════════════════════════════════════════╣[0m
[35m║ [0m[34m[1m  HISTORY[0m[2m  772 trades  ([32m391W[0m/[31m381L[0m)[0m                                        [35m ║[0m
[35m║ [0m  [31m[1m✗ LOSS[0m [97mSolana Up or Down - March 9, 3AM[0m[2m edge:[0m[33m?[0m P&L: [31m0[0m[2m 07:56[0m             [35m ║[0m
[35m║ [0m  [31m[1m✗ LOSS[0m [97mEthereum Up or Down - March 8, 2[0m[2m edge:[0m[33m+5.0%[0m P&L: [31m-100[0m[2m 06:57[0m      [35m ║[0m
[35m║ [0m  [31m[1m✗ LOSS[0m [97mEthereum Up or Down - March 9, 4[0m[2m edge:[0m[33m+5.0%[0m P&L: [31m-100[0m[2m 08:44[0m      [35m ║[0m
[35m║ [0m  [31m[1m✗ LOSS[0m [97mSolana Up or Down - March 9, 3:5[0m[2m edge:[0m[33m+5.0%[0m P&L: [31m-100[0m[2m 07:52[0m      [35m ║[0m
[35m╠════════════════════════════════════════════════════════════════════════════╣[0m
[35m║ [0m[32m[1m  ▸ 5MIN[0m[2m  BTC · ETH · SOL  (closes in minutes)[0m                            [35m ║[0m
[35m║ [0m[2m  ASSET  UP%   EDGE     LIQ       CLOSES[0m                                  [35m ║[0m
[35m║ [0m  [97mSOL [0m[36m  49%[0m[2m +0.4%[0m[2m $12968 [0m[31m[1m1min[0m                                             [35m ║[0m
[35m║ [0m  [97mBTC [0m[36m  46%[0m[2m +1.6%[0m[2m $11402 [0m[31m[1m1min[0m                                             [35m ║[0m
[35m║ [0m  [97mETH [0m[36m  48%[0m[2m +0.8%[0m[2m $15628 [0m[31m[1m1min[0m                                             [35m ║[0m
[35m╟────────────────────────────────────────────────────────────────────────────╢[0m
[35m║ [0m[33m[1m  ▸ 15MIN[0m[2m  BTC · ETH · SOL  (closes in 15 min windows)[0m                    [35m ║[0m
[35m║ [0m  [97mSOL [0m[36m  84%[0m[32m+13.6%[0m[2m  $5149 [0m[31m[1m1min[0m                                             [35m ║[0m
[35m║ [0m  [97mETH [0m[36m  83%[0m[32m+13.2%[0m[2m  $5056 [0m[31m[1m1min[0m                                             [35m ║[0m
[35m╟────────────────────────────────────────────────────────────────────────────╢[0m
[35m║ [0m[36m[1m  ▸ 1H / 4H[0m[2m  BTC · ETH · SOL  (hourly/4h windows)[0m                         [35m ║[0m
[35m║ [0m[2m  — no 1H active right now —[0m                                              [35m ║[0m
[35m╚════════════════════════════════════════════════════════════════════════════╝[0m

[33m┌──────────────────────────────────────────────────────────────────────────────┐[0m
[33m│[0m[1m[33m  ⠧ ADAN THINKING  —  Binance loaded · Gemma-3-27B analyzing...             [0m[33m│[0m
[33m│[0m[2m  Flow: Candles ⠧ Trend ⠧ Polymarket odds ⠧ Edge calc ⠧ BET or SKIP         [0m[33m│[0m
[33m└──────────────────────────────────────────────────────────────────────────────┘[0m

                                                                   [ADAN] 👁️ ATLAS querying Hyperliquid...
                                                                   [2J[H
[35m[1m  ╔══════════════════════════════════════════════════════════════════════════╗
  ║[0m[36m[1m     █████╗ ██████╗  █████╗ ███╗   ██╗      ██╗   ██╗██╗  ██╗    ██████╗  [35m[1m║
  ║[0m[36m[1m    ██╔══██╗██╔══██╗██╔══██╗████╗  ██║      ██║   ██║██║  ██║   ██╔═████╗ [35m[1m║
  ║[0m[36m[1m    ███████║██║  ██║███████║██╔██╗ ██║█████╗██║   ██║███████║   ██║██╔██║ [35m[1m║
  ║[0m[36m[1m    ██╔══██║██║  ██║██╔══██║██║╚██╗██║╚════╝╚██╗ ██╔╝╚════██║   ████╔╝██║ [35m[1m║
  ║[0m[36m[1m    ██║  ██║██████╔╝██║  ██║██║ ╚████║       ╚████╔╝      ██║██╗╚██████╔╝ [35m[1m║
  ║[0m[36m[1m    ╚═╝  ╚═╝╚═════╝ ╚═╝  ╚═╝╚═╝  ╚═══╝        ╚═══╝       ╚═╝╚═╝ ╚═════╝  [35m[1m║
  ╠══════════════════════════════════════════════════════════════════════════╣
  ║[0m[2m  Dynasty Multi-Market Autonomaton[0m[2m  ·  [0m[97mGemma-3-27B[0m[2m  ·  [0m[35mby Lord[0m       [35m[1m║
  ║[0m[2m  Polymarket · Binance · [0m[36m[1mhttp://localhost:3141[0m[2m  ·  Gen [0m[33m[1m21[0m[2m  ·  [0m[32m12 children[0m   [35m[1m║
  ╚══════════════════════════════════════════════════════════════════════════╝[0m

[35m╔════════════════════════════════════════════════════════════════════════════╗[0m
[35m║ [0m  [1m[35mADAN[0m  [2m6:28:56 AM[0m  [33m[1m⬤ THINKING[0m                                            [35m ║[0m
[35m╠════════════════════════════════════════════════════════════════════════════╣[0m
[35m║ [0m  [97m[1mENGINE[0m [36mGemma-3-27B[0m  [2m│[0m  [97mQUOTA[0m [32m[2m░░░░░░░░░░[0m [32m0%[0m[2m (0/15000)[0m                    [35m ║[0m
[35m║ [0m  🪙[32mCRYP[0m[2m:0/10000 [0m🏛️[32mPOLI[0m[2m:60/1500 [0m⚽[32mSPOR[0m[2m:12/1500 [0m📊[32mMACR[0m[2m:0/500 [0m🌐[32mEVEN[0m[2m:60/1500 [0m[35m ║[0m
[35m║ [0m  [97m[1mEVOLUTION[0m[2m  gen:[0m[33m[1m21[0m[2m  preds:[0m[97m2488[0m[2m  alive:[0m[32m19[0m[2m  dead:[0m[31m0[0m[2m  best:[0m[32m[1mhermes-btc --[0m[2m(3)[0m  [35m ║[0m
[35m╠════════════════════════════════════════════════════════════════════════════╣[0m
[35m║ [0m  SENTIMENT  [31m█░░░░░░░░░[0m  [31m[1m8/100  EXTREME FEAR[0m [31m↓[0m                            [35m ║[0m
[35m╠════════════════════════════════════════════════════════════════════════════╣[0m
[35m║ [0m[2m  ASSET    PRICE          CHG      TREND(1m/5m)    SIGNAL       SCORE[0m     [35m ║[0m
[35m╟────────────────────────────────────────────────────────────────────────────╢[0m
[35m║ [0m  [97m[1mBTC  [0m[36m[1m$68,021.75    [0m[32m[1m+1.24%  [0m[2m1m:[0m[32m+0.30%[0m[2m 5m:[0m[32m+0.34%  [0m[32m▲ UP[0m  [33m[1m[64][0m              [35m ║[0m
[35m║ [0m[2m       RSI [0m[33m[1m63  [0m[2mMACD [0m[31m[1m ▼  [0m[2mBB% [0m[32m 97%  [0m[2mVOL [0m[2mflat    [0m[2mFUND [0m[2m-0.005%  [0m[2mVOLAT [0m[33m0.074%[0m  [32m▇[0m[32m▆[0m[32m▅[0m[32m▅[0m[32m▆[0m[32m▆[0m[32m▇[0m[32m█[0m[32m▇[0m[32m▇[0m[32m█[0m[32m█[0m[35m ║[0m
[35m╟────────────────────────────────────────────────────────────────────────────╢[0m
[35m║ [0m  [97m[1mETH  [0m[36m[1m$2,004.25     [0m[32m[1m+1.22%  [0m[2m1m:[0m[32m+0.37%[0m[2m 5m:[0m[32m+0.54%  [0m[32m▲ UP[0m  [32m[1m[73][0m              [35m ║[0m
[35m║ [0m[2m       RSI [0m[33m[1m64  [0m[2mMACD [0m[31m[1m ▼  [0m[2mBB% [0m[32m 96%  [0m[2mVOL [0m[32mrising  [0m[2mFUND [0m[2m0.003%  [0m[2mVOLAT [0m[33m0.097%[0m  [32m▇[0m[32m▆[0m[32m▅[0m[32m▅[0m[32m▆[0m[32m▆[0m[32m▆[0m[32m▇[0m[32m▆[0m[32m▇[0m[32m█[0m[32m█[0m[35m ║[0m
[35m╟────────────────────────────────────────────────────────────────────────────╢[0m
[35m║ [0m  [97m[1mSOL  [0m[36m[1m$84.11        [0m[32m[1m+1.62%  [0m[2m1m:[0m[32m+0.39%[0m[2m 5m:[0m[32m+0.67%  [0m[32m▲ UP[0m  [32m[1m[68][0m              [35m ║[0m
[35m║ [0m[2m       RSI [0m[33m[1m65  [0m[2mMACD [0m[31m[1m ▼  [0m[2mBB% [0m[32m 98%  [0m[2mVOL [0m[2mflat    [0m[2mFUND [0m[2m-0.008%  [0m[2mVOLAT [0m[33m0.096%[0m  [32m▆[0m[32m▇[0m[32m▅[0m[32m▆[0m[32m▆[0m[32m▆[0m[32m▇[0m[32m▇[0m[32m▆[0m[32m▇[0m[32m█[0m[32m█[0m[35m ║[0m
[35m╟────────────────────────────────────────────────────────────────────────────╢[0m
[35m║ [0m  [97m[1mXRP  [0m[36m[1m$1.35         [0m[32m[1m+0.57%  [0m[2m1m:[0m[32m+0.00%[0m[2m 5m:[0m[32m+0.51%  [0m[33m↗ SLIGHT UP[0m  [33m[1m[59][0m       [35m ║[0m
[35m║ [0m[2m       RSI [0m[33m[1m60  [0m[2mMACD [0m[31m[1m ▼  [0m[2mBB% [0m[32m 95%  [0m[2mVOL [0m[32mrising  [0m[2mVOLAT [0m[33m0.079%[0m  [32m▇[0m[32m▇[0m[32m▇[0m[32m█[0m[32m▇[0m[32m▇[0m[32m█[0m[32m▇[0m[32m▇[0m[32m▇[0m[32m▇[0m[32m▇[0m  [35m ║[0m
[35m╟────────────────────────────────────────────────────────────────────────────╢[0m
[35m║ [0m  [97m[1mBNB  [0m[36m[1m$627.13       [0m[32m[1m+0.80%  [0m[2m1m:[0m[32m+0.14%[0m[2m 5m:[0m[32m+0.27%  [0m[32m▲ UP[0m  [32m[1m[69][0m              [35m ║[0m
[35m║ [0m[2m       RSI [0m[33m[1m59  [0m[2mMACD [0m[31m[1m ▼  [0m[2mBB% [0m[32m 85%  [0m[2mVOL [0m[32mrising  [0m[2mVOLAT [0m[32m0.059%[0m  [31m▇[0m[31m▇[0m[31m▅[0m[31m▆[0m[31m▇[0m[31m▇[0m[31m▇[0m[31m▇[0m[31m▇[0m[31m▇[0m[31m█[0m[31m▇[0m  [35m ║[0m
[35m╟────────────────────────────────────────────────────────────────────────────╢[0m
[35m╠════════════════════════════════════════════════════════════════════════════╣[0m
[35m║ [0m  [33m[1mLVL 11  🛡 READER[0m  [2m████████░░░░░░░░░░░░ 40%[0m[2m  → 😱FEAR EXPLOIT @LVL12[0m    [35m ║[0m
[35m║ [0m  [2mSkills: [0m[35m📡LIVE FEED 📊TREND READ 👶FIRST CHILD 🎯EDGE FILTER 📐KELLY BET ⚡MULTI-BET 🕯️CANDLE PAT 🔬CALIBRATION ⏱️TIMING 🌊VOL SENSE[0m[35m ║[0m
[35m╟────────────────────────────────────────────────────────────────────────────╢[0m
[35m║ [0m  FUND  [32m[1m$15000.00[0m[2m/$10000  [0m  NET  [31m[1m-268.10[0m  TRADES  [97m772[0m  W/L  [32m391[0m[2m/[0m[31m381[0m  WR  [33m[1m51%[0m[2m  (goal 55%)[0m[35m ║[0m
[35m║ [0m  SLOTS  [32m[1m12/15[0m[2m free  [0m  MIN EDGE  [33m[1m5%[0m  BET  [2m📐KELLY[0m  [35m💰 $5283.08[0m            [35m ║[0m
[35m╠════════════════════════════════════════════════════════════════════════════╣[0m
[34m╠════════════════════════════════════════════════════════════════════════════╣[0m
[35m║ [0m[34m[1m  🌳 DYNASTY TREE[0m[2m  Gen 1  │  ADAN + 12 children[0m[2m  │  Track: [0m[36mQUANT[0m          [35m ║[0m
[34m╟────────────────────────────────────────────────────────────────────────────╢[0m
[35m║ [0m  [35m[1m◈ ADAN[0m[2m [ROOT · GEN1][0m  fund:[36m[1m  $15000[0m  net:[31m[1m$-268[0m  WR:[33m[1m51%[0m  LVL:[35m[1m11[0m          [35m ║[0m
[35m║ [0m  [34m  ├── [0m[36m[1mKRONOS      [0m [32m[1m▲ UP  [0m[2m c:78.75%[0m [33m[1m[64][0m[2m 0m[0m [2mg[0m[33m1[0m [2macc:[0m[2m--[0m[2m(0)[0m                 [35m ║[0m
[35m║ [0m  [34m  ├── [0m[36m[1mE1          [0m [33m[1m● NEUTRAL[0m[2m c:40%[0m [33m[1m[64][0m[2m 0m[0m [2mg[0m[33m1[0m [2macc:[0m[2m--[0m[2m(0)[0m                 [35m ║[0m
[35m║ [0m  [34m  ├── [0m[36m[1mS1          [0m [32m[1m▲ UP  [0m[2m c:71%[0m [32m[1m[69][0m[2m 0m[0m [2mg[0m[33m1[0m [2macc:[0m[2m--[0m[2m(0)[0m                    [35m ║[0m
[35m║ [0m  [34m  ├── [0m[36m[1mHERMES      [0m [33m[1m● NEUTRAL[0m[2m c:40%[0m [33m[1m[64][0m[2m 0m[0m [2mg[0m[33m1[0m [2macc:[0m[2m--[0m[2m(0)[0m                 [35m ║[0m
[35m║ [0m  [34m  ├── [0m[36m[1mAT1         [0m [32m[1m▲ UP  [0m[2m c:79%[0m [32m[1m[73][0m[2m 0m[0m [2mg[0m[33m1[0m [2macc:[0m[2m--[0m[2m(0)[0m                    [35m ║[0m
[35m║ [0m  [34m  ├── [0m[36m[1mHELIOS      [0m [32m[1m▲ UP  [0m[2m c:71%[0m [32m[1m[68][0m[2m 0m[0m [2mg[0m[33m1[0m [2macc:[0m[2m--[0m[2m(0)[0m                    [35m ║[0m
[35m║ [0m  [34m  ├── [0m[36m[1mAPOLLO      [0m [32m[1m▲ UP  [0m[2m c:71%[0m [32m[1m[68][0m[2m 0m[0m [2mg[0m[33m1[0m [2macc:[0m[2m--[0m[2m(0)[0m                    [35m ║[0m
[35m║ [0m  [34m  ├── [0m[36m[1mAD1         [0m [32m[1m▲ UP  [0m[2m c:64%[0m [32m[1m[68][0m[2m 0m[0m [2mg[0m[33m1[0m [2macc:[0m[2m--[0m[2m(0)[0m                    [35m ║[0m
[35m║ [0m  [34m  ├── [0m[36m[1mA2          [0m [32m[1m▲ UP  [0m[2m c:71%[0m [32m[1m[69][0m[2m 0m[0m [2mg[0m[33m1[0m [2macc:[0m[2m--[0m[2m(0)[0m                    [35m ║[0m
[35m║ [0m  [34m  ├── [0m[36m[1mA1          [0m [32m[1m▲ UP  [0m[2m c:71%[0m [32m[1m[69][0m[2m 0m[0m [2mg[0m[33m1[0m [2macc:[0m[2m--[0m[2m(0)[0m                    [35m ║[0m
[35m║ [0m  [34m  ├── [0m[36m[1mATHENA      [0m [32m[1m▲ UP  [0m[2m c:79%[0m [32m[1m[73][0m[2m 0m[0m [2mg[0m[33m1[0m [2macc:[0m[2m--[0m[2m(0)[0m                    [35m ║[0m
[35m║ [0m  [34m  └── [0m[36m[1mDAEDALUS    [0m [32m[1m▲ UP  [0m[2m c:79%[0m [32m[1m[73][0m[2m 0m[0m [2mg[0m[33m1[0m [2macc:[0m[2m--[0m[2m(0)[0m                    [35m ║[0m
[34m╟────────────────────────────────────────────────────────────────────────────╢[0m
[35m║ [0m[34m[1m  🌐 CATEGORY DYNASTY[0m[2m  │  Track: [0m[35mLLM[0m[2m  │  Multi-Market v4.0[0m                [35m ║[0m
[34m╟────────────────────────────────────────────────────────────────────────────╢[0m
[35m║ [0m  [34m  ├── [0m🏛️ [36m[1mpolitics-daily [0m[31m[1m▼ DOWN[0m[2m c:70%[0m[2m e:-57.2%[0m [2mg[0m[33m1[0m [2macc:[0m[2m--[0m[2m(0)[0m[2m 23m[0m         [35m ║[0m
[35m║ [0m  [34m  │   [0m[2m  "Will Marco Rubio win the 2028 Re"[0m                              [35m ║[0m
[35m║ [0m  [34m  ├── [0m⚽ [36m[1msports-daily   [0m[32m[1m▲ UP  [0m[2m c:65%[0m[2m e:32.2%[0m [2mg[0m[33m1[0m [2macc:[0m[2m--[0m[2m(0)[0m[2m 24m[0m            [35m ║[0m
[35m║ [0m  [34m  │   [0m[2m  "Will the Colorado Avalanche win "[0m                              [35m ║[0m
[35m║ [0m  [34m  ├── [0m📊 [36m[1mmacro-weekly   [0m[2m  ···  waiting for scan[0m [2mg[0m[33m1[0m [2macc:[0m[2m--[0m[2m(0)[0m            [35m ║[0m
[35m║ [0m  [34m  ├── [0m🌐 [36m[1mevents-daily   [0m[31m[1m▼ DOWN[0m[2m c:75%[0m[2m e:-24%[0m [2mg[0m[33m1[0m [2macc:[0m[2m--[0m[2m(0)[0m[2m 23m[0m            [35m ║[0m
[35m║ [0m  [34m  │   [0m[2m  "Will the Iranian regime fall by "[0m                              [35m ║[0m
[34m╟────────────────────────────────────────────────────────────────────────────╢[0m
[35m║ [0m  [34mSIGNAL CONSENSUS: [0m[32m[1m▲ BULL CONSENSUS[0m[2m  (10▲ 0▼ 2●)  12/12 children reporting[0m[35m ║[0m
[34m╠════════════════════════════════════════════════════════════════════════════╣[0m
[35m║ [0m  CALIBRATION  [97mBTC[0m[2m:[0m[31m[1m47%[0m[2m(298)[0m   [97mETH[0m[2m:[0m[33m[1m57%[0m[2m(189)[0m   [97mSOL[0m[2m:[0m[33m[1m50%[0m[2m(284)[0m   [97mOTHER[0m[2m:[0m[2m--[0m[2m(1)[0m   [35m ║[0m
[35m╠════════════════════════════════════════════════════════════════════════════╣[0m
[35m║ [0m[33m[1m  OPEN BETS (3)[0m[2m  — monitoring for resolution[0m                              [35m ║[0m
[35m║ [0m[2m  MARKET                              SIDE  MY_P  MKT_P  EDGE   STAKE  CLOSES[0m[35m ║[0m
[35m║ [0m  [97mWill J.D. Vance win the 2028 R[0mYES  [33m   0%[0m   42%[33m[1m-41.6%[0m$null  [2m9:00:00 PM[0m   [35m ║[0m
[35m║ [0m  [97mWill Jesus Christ return befor[0mYES  [33m   0%[0m   48%[33m[1m-48.0%[0m$null  [2m9:00:00 AM[0m   [35m ║[0m
[35m║ [0m  [97mWill J.D. Vance win the 2028 R[0mYES  [33m   0%[0m   42%[33m[1m-41.5%[0m$null  [2m9:00:00 PM[0m   [35m ║[0m
[35m╠════════════════════════════════════════════════════════════════════════════╣[0m
[35m║ [0m[34m[1m  HISTORY[0m[2m  772 trades  ([32m391W[0m/[31m381L[0m)[0m                                        [35m ║[0m
[35m║ [0m  [31m[1m✗ LOSS[0m [97mSolana Up or Down - March 9, 3AM[0m[2m edge:[0m[33m?[0m P&L: [31m0[0m[2m 07:56[0m             [35m ║[0m
[35m║ [0m  [31m[1m✗ LOSS[0m [97mEthereum Up or Down - March 8, 2[0m[2m edge:[0m[33m+5.0%[0m P&L: [31m-100[0m[2m 06:57[0m      [35m ║[0m
[35m║ [0m  [31m[1m✗ LOSS[0m [97mEthereum Up or Down - March 9, 4[0m[2m edge:[0m[33m+5.0%[0m P&L: [31m-100[0m[2m 08:44[0m      [35m ║[0m
[35m║ [0m  [31m[1m✗ LOSS[0m [97mSolana Up or Down - March 9, 3:5[0m[2m edge:[0m[33m+5.0%[0m P&L: [31m-100[0m[2m 07:52[0m      [35m ║[0m
[35m╠════════════════════════════════════════════════════════════════════════════╣[0m
[35m║ [0m[32m[1m  ▸ 5MIN[0m[2m  BTC · ETH · SOL  (closes in minutes)[0m                            [35m ║[0m
[35m║ [0m[2m  ASSET  UP%   EDGE     LIQ       CLOSES[0m                                  [35m ║[0m
[35m║ [0m  [97mSOL [0m[36m  49%[0m[2m +0.4%[0m[2m $12968 [0m[31m[1m1min[0m                                             [35m ║[0m
[35m║ [0m  [97mBTC [0m[36m  46%[0m[2m +1.6%[0m[2m $11402 [0m[31m[1m1min[0m                                             [35m ║[0m
[35m║ [0m  [97mETH [0m[36m  48%[0m[2m +0.8%[0m[2m $15628 [0m[31m[1m1min[0m                                             [35m ║[0m
[35m╟────────────────────────────────────────────────────────────────────────────╢[0m
[35m║ [0m[33m[1m  ▸ 15MIN[0m[2m  BTC · ETH · SOL  (closes in 15 min windows)[0m                    [35m ║[0m
[35m║ [0m  [97mSOL [0m[36m  84%[0m[32m+13.6%[0m[2m  $5149 [0m[31m[1m1min[0m                                             [35m ║[0m
[35m║ [0m  [97mETH [0m[36m  83%[0m[32m+13.2%[0m[2m  $5056 [0m[31m[1m1min[0m                                             [35m ║[0m
[35m╟────────────────────────────────────────────────────────────────────────────╢[0m
[35m║ [0m[36m[1m  ▸ 1H / 4H[0m[2m  BTC · ETH · SOL  (hourly/4h windows)[0m                         [35m ║[0m
[35m║ [0m[2m  — no 1H active right now —[0m                                              [35m ║[0m
[35m╚════════════════════════════════════════════════════════════════════════════╝[0m

[33m┌──────────────────────────────────────────────────────────────────────────────┐[0m
[33m│[0m[1m[33m  ⠧ ADAN THINKING  —  Binance loaded · Gemma-3-27B analyzing...             [0m[33m│[0m
[33m│[0m[2m  Flow: Candles ⠧ Trend ⠧ Polymarket odds ⠧ Edge calc ⠧ BET or SKIP         [0m[33m│[0m
[33m└──────────────────────────────────────────────────────────────────────────────┘[0m

                                                                     ⠴ Thinking...                 ⠦ Thinking...                 ⠧ Thinking...                 ⠇ Thinking...                 ⠏ Thinking...                 ⠋ Thinking...                 ⠙ Thinking...                 ⠹ Thinking...                 ⠸ Thinking...                 ⠼ Thinking...                 ⠴ Thinking...                 ⠦ Thinking...                 ⠧ Thinking...                 ⠇ Thinking...                 ⠏ Thinking...                 ⠋ Thinking...               [CATEGORY TRADE] 🎯 Candidate: "Will the Colorado Avalanche win the 2026" conf:65% edge:33.6%
[CATEGORY][SPORTS] YES on "Will the Colorado Avalanche win the 2026 NHL Stanl" | conf:65% edge:33.6%
  ⠙ Thinking...                 ⠹ Thinking...                 ⠸ Thinking...                 ⠼ Thinking...               
╔══════════════════════════════════════
║ 🧠 BRAIN SWAP: DEFAULT → VIRUS
║ Reason: Extreme fear: F&G=8
║ New minEdge: 4% | minConf: 58%
╚══════════════════════════════════════

[ADAN] 🧠 Active brain: VIRUS (Black swan predator. Exploits fear-driven mispricing.)
                                                                   [2J[H
[35m[1m  ╔══════════════════════════════════════════════════════════════════════════╗
  ║[0m[36m[1m     █████╗ ██████╗  █████╗ ███╗   ██╗      ██╗   ██╗██╗  ██╗    ██████╗  [35m[1m║
  ║[0m[36m[1m    ██╔══██╗██╔══██╗██╔══██╗████╗  ██║      ██║   ██║██║  ██║   ██╔═████╗ [35m[1m║
  ║[0m[36m[1m    ███████║██║  ██║███████║██╔██╗ ██║█████╗██║   ██║███████║   ██║██╔██║ [35m[1m║
  ║[0m[36m[1m    ██╔══██║██║  ██║██╔══██║██║╚██╗██║╚════╝╚██╗ ██╔╝╚════██║   ████╔╝██║ [35m[1m║
  ║[0m[36m[1m    ██║  ██║██████╔╝██║  ██║██║ ╚████║       ╚████╔╝      ██║██╗╚██████╔╝ [35m[1m║
  ║[0m[36m[1m    ╚═╝  ╚═╝╚═════╝ ╚═╝  ╚═╝╚═╝  ╚═══╝        ╚═══╝       ╚═╝╚═╝ ╚═════╝  [35m[1m║
  ╠══════════════════════════════════════════════════════════════════════════╣
  ║[0m[2m  Dynasty Multi-Market Autonomaton[0m[2m  ·  [0m[97mGemma-3-27B[0m[2m  ·  [0m[35mby Lord[0m       [35m[1m║
  ║[0m[2m  Polymarket · Binance · [0m[36m[1mhttp://localhost:3141[0m[2m  ·  Gen [0m[33m[1m21[0m[2m  ·  [0m[32m12 children[0m   [35m[1m║
  ╚══════════════════════════════════════════════════════════════════════════╝[0m

[35m╔════════════════════════════════════════════════════════════════════════════╗[0m
[35m║ [0m  [1m[35mADAN[0m  [2m6:28:59 AM[0m  [33m[1m⬤ THINKING[0m                                            [35m ║[0m
[35m╠════════════════════════════════════════════════════════════════════════════╣[0m
[35m║ [0m  [97m[1mENGINE[0m [36mGemma-3-27B[0m  [2m│[0m  [97mQUOTA[0m [32m[2m░░░░░░░░░░[0m [32m0%[0m[2m (0/15000)[0m                    [35m ║[0m
[35m║ [0m  🪙[32mCRYP[0m[2m:0/10000 [0m🏛️[32mPOLI[0m[2m:60/1500 [0m⚽[32mSPOR[0m[2m:13/1500 [0m📊[32mMACR[0m[2m:0/500 [0m🌐[32mEVEN[0m[2m:60/1500 [0m[35m ║[0m
[35m║ [0m  [97m[1mEVOLUTION[0m[2m  gen:[0m[33m[1m21[0m[2m  preds:[0m[97m2488[0m[2m  alive:[0m[32m19[0m[2m  dead:[0m[31m0[0m[2m  best:[0m[32m[1mhermes-btc --[0m[2m(3)[0m  [35m ║[0m
[35m╠════════════════════════════════════════════════════════════════════════════╣[0m
[35m║ [0m  SENTIMENT  [31m█░░░░░░░░░[0m  [31m[1m8/100  EXTREME FEAR[0m [31m↓[0m                            [35m ║[0m
[35m╠════════════════════════════════════════════════════════════════════════════╣[0m
[35m║ [0m[2m  ASSET    PRICE          CHG      TREND(1m/5m)    SIGNAL       SCORE[0m     [35m ║[0m
[35m╟────────────────────────────────────────────────────────────────────────────╢[0m
[35m║ [0m  [97m[1mBTC  [0m[36m[1m$68,021.75    [0m[32m[1m+1.24%  [0m[2m1m:[0m[32m+0.30%[0m[2m 5m:[0m[32m+0.34%  [0m[32m▲ UP[0m  [33m[1m[64][0m              [35m ║[0m
[35m║ [0m[2m       RSI [0m[33m[1m63  [0m[2mMACD [0m[31m[1m ▼  [0m[2mBB% [0m[32m 97%  [0m[2mVOL [0m[2mflat    [0m[2mFUND [0m[2m-0.005%  [0m[2mVOLAT [0m[33m0.074%[0m  [32m▇[0m[32m▆[0m[32m▅[0m[32m▅[0m[32m▆[0m[32m▆[0m[32m▇[0m[32m█[0m[32m▇[0m[32m▇[0m[32m█[0m[32m█[0m[35m ║[0m
[35m╟────────────────────────────────────────────────────────────────────────────╢[0m
[35m║ [0m  [97m[1mETH  [0m[36m[1m$2,004.25     [0m[32m[1m+1.22%  [0m[2m1m:[0m[32m+0.37%[0m[2m 5m:[0m[32m+0.54%  [0m[32m▲ UP[0m  [32m[1m[73][0m              [35m ║[0m
[35m║ [0m[2m       RSI [0m[33m[1m64  [0m[2mMACD [0m[31m[1m ▼  [0m[2mBB% [0m[32m 96%  [0m[2mVOL [0m[32mrising  [0m[2mFUND [0m[2m0.003%  [0m[2mVOLAT [0m[33m0.097%[0m  [32m▇[0m[32m▆[0m[32m▅[0m[32m▅[0m[32m▆[0m[32m▆[0m[32m▆[0m[32m▇[0m[32m▆[0m[32m▇[0m[32m█[0m[32m█[0m[35m ║[0m
[35m╟────────────────────────────────────────────────────────────────────────────╢[0m
[35m║ [0m  [97m[1mSOL  [0m[36m[1m$84.11        [0m[32m[1m+1.62%  [0m[2m1m:[0m[32m+0.39%[0m[2m 5m:[0m[32m+0.67%  [0m[32m▲ UP[0m  [32m[1m[68][0m              [35m ║[0m
[35m║ [0m[2m       RSI [0m[33m[1m65  [0m[2mMACD [0m[31m[1m ▼  [0m[2mBB% [0m[32m 98%  [0m[2mVOL [0m[2mflat    [0m[2mFUND [0m[2m-0.008%  [0m[2mVOLAT [0m[33m0.096%[0m  [32m▆[0m[32m▇[0m[32m▅[0m[32m▆[0m[32m▆[0m[32m▆[0m[32m▇[0m[32m▇[0m[32m▆[0m[32m▇[0m[32m█[0m[32m█[0m[35m ║[0m
[35m╟────────────────────────────────────────────────────────────────────────────╢[0m
[35m║ [0m  [97m[1mXRP  [0m[36m[1m$1.35         [0m[32m[1m+0.57%  [0m[2m1m:[0m[32m+0.00%[0m[2m 5m:[0m[32m+0.51%  [0m[33m↗ SLIGHT UP[0m  [33m[1m[59][0m       [35m ║[0m
[35m║ [0m[2m       RSI [0m[33m[1m60  [0m[2mMACD [0m[31m[1m ▼  [0m[2mBB% [0m[32m 95%  [0m[2mVOL [0m[32mrising  [0m[2mVOLAT [0m[33m0.079%[0m  [32m▇[0m[32m▇[0m[32m▇[0m[32m█[0m[32m▇[0m[32m▇[0m[32m█[0m[32m▇[0m[32m▇[0m[32m▇[0m[32m▇[0m[32m▇[0m  [35m ║[0m
[35m╟────────────────────────────────────────────────────────────────────────────╢[0m
[35m║ [0m  [97m[1mBNB  [0m[36m[1m$627.13       [0m[32m[1m+0.80%  [0m[2m1m:[0m[32m+0.14%[0m[2m 5m:[0m[32m+0.27%  [0m[32m▲ UP[0m  [32m[1m[69][0m              [35m ║[0m
[35m║ [0m[2m       RSI [0m[33m[1m59  [0m[2mMACD [0m[31m[1m ▼  [0m[2mBB% [0m[32m 85%  [0m[2mVOL [0m[32mrising  [0m[2mVOLAT [0m[32m0.059%[0m  [31m▇[0m[31m▇[0m[31m▅[0m[31m▆[0m[31m▇[0m[31m▇[0m[31m▇[0m[31m▇[0m[31m▇[0m[31m▇[0m[31m█[0m[31m▇[0m  [35m ║[0m
[35m╟────────────────────────────────────────────────────────────────────────────╢[0m
[35m╠════════════════════════════════════════════════════════════════════════════╣[0m
[35m║ [0m  [33m[1mLVL 11  🛡 READER[0m  [2m████████░░░░░░░░░░░░ 40%[0m[2m  → 😱FEAR EXPLOIT @LVL12[0m    [35m ║[0m
[35m║ [0m  [2mSkills: [0m[35m📡LIVE FEED 📊TREND READ 👶FIRST CHILD 🎯EDGE FILTER 📐KELLY BET ⚡MULTI-BET 🕯️CANDLE PAT 🔬CALIBRATION ⏱️TIMING 🌊VOL SENSE[0m[35m ║[0m
[35m╟────────────────────────────────────────────────────────────────────────────╢[0m
[35m║ [0m  FUND  [32m[1m$15000.00[0m[2m/$10000  [0m  NET  [31m[1m-268.10[0m  TRADES  [97m772[0m  W/L  [32m391[0m[2m/[0m[31m381[0m  WR  [33m[1m51%[0m[2m  (goal 55%)[0m[35m ║[0m
[35m║ [0m  SLOTS  [32m[1m12/15[0m[2m free  [0m  MIN EDGE  [33m[1m5%[0m  BET  [2m📐KELLY[0m  [35m💰 $5283.08[0m            [35m ║[0m
[35m╠════════════════════════════════════════════════════════════════════════════╣[0m
[34m╠════════════════════════════════════════════════════════════════════════════╣[0m
[35m║ [0m[34m[1m  🌳 DYNASTY TREE[0m[2m  Gen 1  │  ADAN + 12 children[0m[2m  │  Track: [0m[36mQUANT[0m          [35m ║[0m
[34m╟────────────────────────────────────────────────────────────────────────────╢[0m
[35m║ [0m  [35m[1m◈ ADAN[0m[2m [ROOT · GEN1][0m  fund:[36m[1m  $15000[0m  net:[31m[1m$-268[0m  WR:[33m[1m51%[0m  LVL:[35m[1m11[0m          [35m ║[0m
[35m║ [0m  [34m  ├── [0m[36m[1mKRONOS      [0m [32m[1m▲ UP  [0m[2m c:78.75%[0m [33m[1m[64][0m[2m 0m[0m [2mg[0m[33m1[0m [2macc:[0m[2m--[0m[2m(0)[0m                 [35m ║[0m
[35m║ [0m  [34m  ├── [0m[36m[1mE1          [0m [33m[1m● NEUTRAL[0m[2m c:40%[0m [33m[1m[64][0m[2m 0m[0m [2mg[0m[33m1[0m [2macc:[0m[2m--[0m[2m(0)[0m                 [35m ║[0m
[35m║ [0m  [34m  ├── [0m[36m[1mS1          [0m [32m[1m▲ UP  [0m[2m c:71%[0m [32m[1m[69][0m[2m 0m[0m [2mg[0m[33m1[0m [2macc:[0m[2m--[0m[2m(0)[0m                    [35m ║[0m
[35m║ [0m  [34m  ├── [0m[36m[1mHERMES      [0m [33m[1m● NEUTRAL[0m[2m c:40%[0m [33m[1m[64][0m[2m 0m[0m [2mg[0m[33m1[0m [2macc:[0m[2m--[0m[2m(0)[0m                 [35m ║[0m
[35m║ [0m  [34m  ├── [0m[36m[1mAT1         [0m [32m[1m▲ UP  [0m[2m c:79%[0m [32m[1m[73][0m[2m 0m[0m [2mg[0m[33m1[0m [2macc:[0m[2m--[0m[2m(0)[0m                    [35m ║[0m
[35m║ [0m  [34m  ├── [0m[36m[1mHELIOS      [0m [32m[1m▲ UP  [0m[2m c:71%[0m [32m[1m[68][0m[2m 0m[0m [2mg[0m[33m1[0m [2macc:[0m[2m--[0m[2m(0)[0m                    [35m ║[0m
[35m║ [0m  [34m  ├── [0m[36m[1mAPOLLO      [0m [32m[1m▲ UP  [0m[2m c:71%[0m [32m[1m[68][0m[2m 0m[0m [2mg[0m[33m1[0m [2macc:[0m[2m--[0m[2m(0)[0m                    [35m ║[0m
[35m║ [0m  [34m  ├── [0m[36m[1mAD1         [0m [32m[1m▲ UP  [0m[2m c:64%[0m [32m[1m[68][0m[2m 0m[0m [2mg[0m[33m1[0m [2macc:[0m[2m--[0m[2m(0)[0m                    [35m ║[0m
[35m║ [0m  [34m  ├── [0m[36m[1mA2          [0m [32m[1m▲ UP  [0m[2m c:71%[0m [32m[1m[69][0m[2m 0m[0m [2mg[0m[33m1[0m [2macc:[0m[2m--[0m[2m(0)[0m                    [35m ║[0m
[35m║ [0m  [34m  ├── [0m[36m[1mA1          [0m [32m[1m▲ UP  [0m[2m c:71%[0m [32m[1m[69][0m[2m 0m[0m [2mg[0m[33m1[0m [2macc:[0m[2m--[0m[2m(0)[0m                    [35m ║[0m
[35m║ [0m  [34m  ├── [0m[36m[1mATHENA      [0m [32m[1m▲ UP  [0m[2m c:79%[0m [32m[1m[73][0m[2m 0m[0m [2mg[0m[33m1[0m [2macc:[0m[2m--[0m[2m(0)[0m                    [35m ║[0m
[35m║ [0m  [34m  └── [0m[36m[1mDAEDALUS    [0m [32m[1m▲ UP  [0m[2m c:79%[0m [32m[1m[73][0m[2m 0m[0m [2mg[0m[33m1[0m [2macc:[0m[2m--[0m[2m(0)[0m                    [35m ║[0m
[34m╟────────────────────────────────────────────────────────────────────────────╢[0m
[35m║ [0m[34m[1m  🌐 CATEGORY DYNASTY[0m[2m  │  Track: [0m[35mLLM[0m[2m  │  Multi-Market v4.0[0m                [35m ║[0m
[34m╟────────────────────────────────────────────────────────────────────────────╢[0m
[35m║ [0m  [34m  ├── [0m🏛️ [36m[1mpolitics-daily [0m[31m[1m▼ DOWN[0m[2m c:70%[0m[2m e:-57.2%[0m [2mg[0m[33m1[0m [2macc:[0m[2m--[0m[2m(0)[0m[2m 23m[0m         [35m ║[0m
[35m║ [0m  [34m  │   [0m[2m  "Will Marco Rubio win the 2028 Re"[0m                              [35m ║[0m
[35m║ [0m  [34m  ├── [0m⚽ [36m[1msports-daily   [0m[32m[1m▲ UP  [0m[2m c:65%[0m[2m e:33.6%[0m [2mg[0m[33m1[0m [2macc:[0m[2m--[0m[2m(0)[0m[2m 0m[0m             [35m ║[0m
[35m║ [0m  [34m  │   [0m[2m  "Will the Colorado Avalanche win "[0m                              [35m ║[0m
[35m║ [0m  [34m  ├── [0m📊 [36m[1mmacro-weekly   [0m[2m  ···  waiting for scan[0m [2mg[0m[33m1[0m [2macc:[0m[2m--[0m[2m(0)[0m            [35m ║[0m
[35m║ [0m  [34m  ├── [0m🌐 [36m[1mevents-daily   [0m[31m[1m▼ DOWN[0m[2m c:75%[0m[2m e:-24%[0m [2mg[0m[33m1[0m [2macc:[0m[2m--[0m[2m(0)[0m[2m 24m[0m            [35m ║[0m
[35m║ [0m  [34m  │   [0m[2m  "Will the Iranian regime fall by "[0m                              [35m ║[0m
[34m╟────────────────────────────────────────────────────────────────────────────╢[0m
[35m║ [0m  [34mSIGNAL CONSENSUS: [0m[32m[1m▲ BULL CONSENSUS[0m[2m  (10▲ 0▼ 2●)  12/12 children reporting[0m[35m ║[0m
[34m╠════════════════════════════════════════════════════════════════════════════╣[0m
[35m║ [0m  CALIBRATION  [97mBTC[0m[2m:[0m[31m[1m47%[0m[2m(298)[0m   [97mETH[0m[2m:[0m[33m[1m57%[0m[2m(189)[0m   [97mSOL[0m[2m:[0m[33m[1m50%[0m[2m(284)[0m   [97mOTHER[0m[2m:[0m[2m--[0m[2m(1)[0m   [35m ║[0m
[35m╠════════════════════════════════════════════════════════════════════════════╣[0m
[35m║ [0m[33m[1m  OPEN BETS (3)[0m[2m  — monitoring for resolution[0m                              [35m ║[0m
[35m║ [0m[2m  MARKET                              SIDE  MY_P  MKT_P  EDGE   STAKE  CLOSES[0m[35m ║[0m
[35m║ [0m  [97mWill J.D. Vance win the 2028 R[0mYES  [33m   0%[0m   42%[33m[1m-41.6%[0m$null  [2m9:00:00 PM[0m   [35m ║[0m
[35m║ [0m  [97mWill Jesus Christ return befor[0mYES  [33m   0%[0m   48%[33m[1m-48.0%[0m$null  [2m9:00:00 AM[0m   [35m ║[0m
[35m║ [0m  [97mWill J.D. Vance win the 2028 R[0mYES  [33m   0%[0m   42%[33m[1m-41.5%[0m$null  [2m9:00:00 PM[0m   [35m ║[0m
[35m╠════════════════════════════════════════════════════════════════════════════╣[0m
[35m║ [0m[34m[1m  HISTORY[0m[2m  772 trades  ([32m391W[0m/[31m381L[0m)[0m                                        [35m ║[0m
[35m║ [0m  [31m[1m✗ LOSS[0m [97mSolana Up or Down - March 9, 3AM[0m[2m edge:[0m[33m?[0m P&L: [31m0[0m[2m 07:56[0m             [35m ║[0m
[35m║ [0m  [31m[1m✗ LOSS[0m [97mEthereum Up or Down - March 8, 2[0m[2m edge:[0m[33m+5.0%[0m P&L: [31m-100[0m[2m 06:57[0m      [35m ║[0m
[35m║ [0m  [31m[1m✗ LOSS[0m [97mEthereum Up or Down - March 9, 4[0m[2m edge:[0m[33m+5.0%[0m P&L: [31m-100[0m[2m 08:44[0m      [35m ║[0m
[35m║ [0m  [31m[1m✗ LOSS[0m [97mSolana Up or Down - March 9, 3:5[0m[2m edge:[0m[33m+5.0%[0m P&L: [31m-100[0m[2m 07:52[0m      [35m ║[0m
[35m╠════════════════════════════════════════════════════════════════════════════╣[0m
[35m║ [0m[32m[1m  ▸ 5MIN[0m[2m  BTC · ETH · SOL  (closes in minutes)[0m                            [35m ║[0m
[35m║ [0m[2m  ASSET  UP%   EDGE     LIQ       CLOSES[0m                                  [35m ║[0m
[35m║ [0m  [97mSOL [0m[36m  49%[0m[2m +0.4%[0m[2m $12968 [0m[31m[1m1min[0m                                             [35m ║[0m
[35m║ [0m  [97mBTC [0m[36m  46%[0m[2m +1.6%[0m[2m $11402 [0m[31m[1m1min[0m                                             [35m ║[0m
[35m║ [0m  [97mETH [0m[36m  48%[0m[2m +0.8%[0m[2m $15628 [0m[31m[1m1min[0m                                             [35m ║[0m
[35m╟────────────────────────────────────────────────────────────────────────────╢[0m
[35m║ [0m[33m[1m  ▸ 15MIN[0m[2m  BTC · ETH · SOL  (closes in 15 min windows)[0m                    [35m ║[0m
[35m║ [0m  [97mSOL [0m[36m  84%[0m[32m+13.6%[0m[2m  $5149 [0m[31m[1m1min[0m                                             [35m ║[0m
[35m║ [0m  [97mETH [0m[36m  83%[0m[32m+13.2%[0m[2m  $5056 [0m[31m[1m1min[0m                                             [35m ║[0m
[35m╟────────────────────────────────────────────────────────────────────────────╢[0m
[35m║ [0m[36m[1m  ▸ 1H / 4H[0m[2m  BTC · ETH · SOL  (hourly/4h windows)[0m                         [35m ║[0m
[35m║ [0m[2m  — no 1H active right now —[0m                                              [35m ║[0m
[35m╚════════════════════════════════════════════════════════════════════════════╝[0m

[33m┌──────────────────────────────────────────────────────────────────────────────┐[0m
[33m│[0m[1m[33m  ⠼ ADAN THINKING  —  Binance loaded · Gemma-3-27B analyzing...             [0m[33m│[0m
[33m│[0m[2m  Flow: Candles ⠼ Trend ⠼ Polymarket odds ⠼ Edge calc ⠼ BET or SKIP         [0m[33m│[0m
[33m└──────────────────────────────────────────────────────────────────────────────┘[0m

                                                                   [ADAN] 🤔 VIRUS thinking via Hybrid Router (Heavy)...
                                                                   [2J[H
[35m[1m  ╔══════════════════════════════════════════════════════════════════════════╗
  ║[0m[36m[1m     █████╗ ██████╗  █████╗ ███╗   ██╗      ██╗   ██╗██╗  ██╗    ██████╗  [35m[1m║
  ║[0m[36m[1m    ██╔══██╗██╔══██╗██╔══██╗████╗  ██║      ██║   ██║██║  ██║   ██╔═████╗ [35m[1m║
  ║[0m[36m[1m    ███████║██║  ██║███████║██╔██╗ ██║█████╗██║   ██║███████║   ██║██╔██║ [35m[1m║
  ║[0m[36m[1m    ██╔══██║██║  ██║██╔══██║██║╚██╗██║╚════╝╚██╗ ██╔╝╚════██║   ████╔╝██║ [35m[1m║
  ║[0m[36m[1m    ██║  ██║██████╔╝██║  ██║██║ ╚████║       ╚████╔╝      ██║██╗╚██████╔╝ [35m[1m║
  ║[0m[36m[1m    ╚═╝  ╚═╝╚═════╝ ╚═╝  ╚═╝╚═╝  ╚═══╝        ╚═══╝       ╚═╝╚═╝ ╚═════╝  [35m[1m║
  ╠══════════════════════════════════════════════════════════════════════════╣
  ║[0m[2m  Dynasty Multi-Market Autonomaton[0m[2m  ·  [0m[97mGemma-3-27B[0m[2m  ·  [0m[35mby Lord[0m       [35m[1m║
  ║[0m[2m  Polymarket · Binance · [0m[36m[1mhttp://localhost:3141[0m[2m  ·  Gen [0m[33m[1m21[0m[2m  ·  [0m[32m12 children[0m   [35m[1m║
  ╚══════════════════════════════════════════════════════════════════════════╝[0m

[35m╔════════════════════════════════════════════════════════════════════════════╗[0m
[35m║ [0m  [1m[35mADAN[0m  [2m6:28:59 AM[0m  [33m[1m⬤ THINKING[0m                                            [35m ║[0m
[35m╠════════════════════════════════════════════════════════════════════════════╣[0m
[35m║ [0m  [97m[1mENGINE[0m [36mGemma-3-27B[0m  [2m│[0m  [97mQUOTA[0m [32m[2m░░░░░░░░░░[0m [32m0%[0m[2m (0/15000)[0m                    [35m ║[0m
[35m║ [0m  🪙[32mCRYP[0m[2m:0/10000 [0m🏛️[32mPOLI[0m[2m:60/1500 [0m⚽[32mSPOR[0m[2m:13/1500 [0m📊[32mMACR[0m[2m:0/500 [0m🌐[32mEVEN[0m[2m:60/1500 [0m[35m ║[0m
[35m║ [0m  [97m[1mEVOLUTION[0m[2m  gen:[0m[33m[1m21[0m[2m  preds:[0m[97m2488[0m[2m  alive:[0m[32m19[0m[2m  dead:[0m[31m0[0m[2m  best:[0m[32m[1mhermes-btc --[0m[2m(3)[0m  [35m ║[0m
[35m╠════════════════════════════════════════════════════════════════════════════╣[0m
[35m║ [0m  SENTIMENT  [31m█░░░░░░░░░[0m  [31m[1m8/100  EXTREME FEAR[0m [31m↓[0m                            [35m ║[0m
[35m╠════════════════════════════════════════════════════════════════════════════╣[0m
[35m║ [0m[2m  ASSET    PRICE          CHG      TREND(1m/5m)    SIGNAL       SCORE[0m     [35m ║[0m
[35m╟────────────────────────────────────────────────────────────────────────────╢[0m
[35m║ [0m  [97m[1mBTC  [0m[36m[1m$68,021.75    [0m[32m[1m+1.24%  [0m[2m1m:[0m[32m+0.30%[0m[2m 5m:[0m[32m+0.34%  [0m[32m▲ UP[0m  [33m[1m[64][0m              [35m ║[0m
[35m║ [0m[2m       RSI [0m[33m[1m63  [0m[2mMACD [0m[31m[1m ▼  [0m[2mBB% [0m[32m 97%  [0m[2mVOL [0m[2mflat    [0m[2mFUND [0m[2m-0.005%  [0m[2mVOLAT [0m[33m0.074%[0m  [32m▇[0m[32m▆[0m[32m▅[0m[32m▅[0m[32m▆[0m[32m▆[0m[32m▇[0m[32m█[0m[32m▇[0m[32m▇[0m[32m█[0m[32m█[0m[35m ║[0m
[35m╟────────────────────────────────────────────────────────────────────────────╢[0m
[35m║ [0m  [97m[1mETH  [0m[36m[1m$2,004.25     [0m[32m[1m+1.22%  [0m[2m1m:[0m[32m+0.37%[0m[2m 5m:[0m[32m+0.54%  [0m[32m▲ UP[0m  [32m[1m[73][0m              [35m ║[0m
[35m║ [0m[2m       RSI [0m[33m[1m64  [0m[2mMACD [0m[31m[1m ▼  [0m[2mBB% [0m[32m 96%  [0m[2mVOL [0m[32mrising  [0m[2mFUND [0m[2m0.003%  [0m[2mVOLAT [0m[33m0.097%[0m  [32m▇[0m[32m▆[0m[32m▅[0m[32m▅[0m[32m▆[0m[32m▆[0m[32m▆[0m[32m▇[0m[32m▆[0m[32m▇[0m[32m█[0m[32m█[0m[35m ║[0m
[35m╟────────────────────────────────────────────────────────────────────────────╢[0m
[35m║ [0m  [97m[1mSOL  [0m[36m[1m$84.11        [0m[32m[1m+1.62%  [0m[2m1m:[0m[32m+0.39%[0m[2m 5m:[0m[32m+0.67%  [0m[32m▲ UP[0m  [32m[1m[68][0m              [35m ║[0m
[35m║ [0m[2m       RSI [0m[33m[1m65  [0m[2mMACD [0m[31m[1m ▼  [0m[2mBB% [0m[32m 98%  [0m[2mVOL [0m[2mflat    [0m[2mFUND [0m[2m-0.008%  [0m[2mVOLAT [0m[33m0.096%[0m  [32m▆[0m[32m▇[0m[32m▅[0m[32m▆[0m[32m▆[0m[32m▆[0m[32m▇[0m[32m▇[0m[32m▆[0m[32m▇[0m[32m█[0m[32m█[0m[35m ║[0m
[35m╟────────────────────────────────────────────────────────────────────────────╢[0m
[35m║ [0m  [97m[1mXRP  [0m[36m[1m$1.35         [0m[32m[1m+0.57%  [0m[2m1m:[0m[32m+0.00%[0m[2m 5m:[0m[32m+0.51%  [0m[33m↗ SLIGHT UP[0m  [33m[1m[59][0m       [35m ║[0m
[35m║ [0m[2m       RSI [0m[33m[1m60  [0m[2mMACD [0m[31m[1m ▼  [0m[2mBB% [0m[32m 95%  [0m[2mVOL [0m[32mrising  [0m[2mVOLAT [0m[33m0.079%[0m  [32m▇[0m[32m▇[0m[32m▇[0m[32m█[0m[32m▇[0m[32m▇[0m[32m█[0m[32m▇[0m[32m▇[0m[32m▇[0m[32m▇[0m[32m▇[0m  [35m ║[0m
[35m╟────────────────────────────────────────────────────────────────────────────╢[0m
[35m║ [0m  [97m[1mBNB  [0m[36m[1m$627.13       [0m[32m[1m+0.80%  [0m[2m1m:[0m[32m+0.14%[0m[2m 5m:[0m[32m+0.27%  [0m[32m▲ UP[0m  [32m[1m[69][0m              [35m ║[0m
[35m║ [0m[2m       RSI [0m[33m[1m59  [0m[2mMACD [0m[31m[1m ▼  [0m[2mBB% [0m[32m 85%  [0m[2mVOL [0m[32mrising  [0m[2mVOLAT [0m[32m0.059%[0m  [31m▇[0m[31m▇[0m[31m▅[0m[31m▆[0m[31m▇[0m[31m▇[0m[31m▇[0m[31m▇[0m[31m▇[0m[31m▇[0m[31m█[0m[31m▇[0m  [35m ║[0m
[35m╟────────────────────────────────────────────────────────────────────────────╢[0m
[35m╠════════════════════════════════════════════════════════════════════════════╣[0m
[35m║ [0m  [33m[1mLVL 11  🛡 READER[0m  [2m████████░░░░░░░░░░░░ 40%[0m[2m  → 😱FEAR EXPLOIT @LVL12[0m    [35m ║[0m
[35m║ [0m  [2mSkills: [0m[35m📡LIVE FEED 📊TREND READ 👶FIRST CHILD 🎯EDGE FILTER 📐KELLY BET ⚡MULTI-BET 🕯️CANDLE PAT 🔬CALIBRATION ⏱️TIMING 🌊VOL SENSE[0m[35m ║[0m
[35m╟────────────────────────────────────────────────────────────────────────────╢[0m
[35m║ [0m  FUND  [32m[1m$15000.00[0m[2m/$10000  [0m  NET  [31m[1m-268.10[0m  TRADES  [97m772[0m  W/L  [32m391[0m[2m/[0m[31m381[0m  WR  [33m[1m51%[0m[2m  (goal 55%)[0m[35m ║[0m
[35m║ [0m  SLOTS  [32m[1m12/15[0m[2m free  [0m  MIN EDGE  [33m[1m5%[0m  BET  [2m📐KELLY[0m  [35m💰 $5283.08[0m            [35m ║[0m
[35m╠════════════════════════════════════════════════════════════════════════════╣[0m
[34m╠════════════════════════════════════════════════════════════════════════════╣[0m
[35m║ [0m[34m[1m  🌳 DYNASTY TREE[0m[2m  Gen 1  │  ADAN + 12 children[0m[2m  │  Track: [0m[36mQUANT[0m          [35m ║[0m
[34m╟────────────────────────────────────────────────────────────────────────────╢[0m
[35m║ [0m  [35m[1m◈ ADAN[0m[2m [ROOT · GEN1][0m  fund:[36m[1m  $15000[0m  net:[31m[1m$-268[0m  WR:[33m[1m51%[0m  LVL:[35m[1m11[0m          [35m ║[0m
[35m║ [0m  [34m  ├── [0m[36m[1mKRONOS      [0m [32m[1m▲ UP  [0m[2m c:78.75%[0m [33m[1m[64][0m[2m 0m[0m [2mg[0m[33m1[0m [2macc:[0m[2m--[0m[2m(0)[0m                 [35m ║[0m
[35m║ [0m  [34m  ├── [0m[36m[1mE1          [0m [33m[1m● NEUTRAL[0m[2m c:40%[0m [33m[1m[64][0m[2m 0m[0m [2mg[0m[33m1[0m [2macc:[0m[2m--[0m[2m(0)[0m                 [35m ║[0m
[35m║ [0m  [34m  ├── [0m[36m[1mS1          [0m [32m[1m▲ UP  [0m[2m c:71%[0m [32m[1m[69][0m[2m 0m[0m [2mg[0m[33m1[0m [2macc:[0m[2m--[0m[2m(0)[0m                    [35m ║[0m
[35m║ [0m  [34m  ├── [0m[36m[1mHERMES      [0m [33m[1m● NEUTRAL[0m[2m c:40%[0m [33m[1m[64][0m[2m 0m[0m [2mg[0m[33m1[0m [2macc:[0m[2m--[0m[2m(0)[0m                 [35m ║[0m
[35m║ [0m  [34m  ├── [0m[36m[1mAT1         [0m [32m[1m▲ UP  [0m[2m c:79%[0m [32m[1m[73][0m[2m 0m[0m [2mg[0m[33m1[0m [2macc:[0m[2m--[0m[2m(0)[0m                    [35m ║[0m
[35m║ [0m  [34m  ├── [0m[36m[1mHELIOS      [0m [32m[1m▲ UP  [0m[2m c:71%[0m [32m[1m[68][0m[2m 0m[0m [2mg[0m[33m1[0m [2macc:[0m[2m--[0m[2m(0)[0m                    [35m ║[0m
[35m║ [0m  [34m  ├── [0m[36m[1mAPOLLO      [0m [32m[1m▲ UP  [0m[2m c:71%[0m [32m[1m[68][0m[2m 0m[0m [2mg[0m[33m1[0m [2macc:[0m[2m--[0m[2m(0)[0m                    [35m ║[0m
[35m║ [0m  [34m  ├── [0m[36m[1mAD1         [0m [32m[1m▲ UP  [0m[2m c:64%[0m [32m[1m[68][0m[2m 0m[0m [2mg[0m[33m1[0m [2macc:[0m[2m--[0m[2m(0)[0m                    [35m ║[0m
[35m║ [0m  [34m  ├── [0m[36m[1mA2          [0m [32m[1m▲ UP  [0m[2m c:71%[0m [32m[1m[69][0m[2m 0m[0m [2mg[0m[33m1[0m [2macc:[0m[2m--[0m[2m(0)[0m                    [35m ║[0m
[35m║ [0m  [34m  ├── [0m[36m[1mA1          [0m [32m[1m▲ UP  [0m[2m c:71%[0m [32m[1m[69][0m[2m 0m[0m [2mg[0m[33m1[0m [2macc:[0m[2m--[0m[2m(0)[0m                    [35m ║[0m
[35m║ [0m  [34m  ├── [0m[36m[1mATHENA      [0m [32m[1m▲ UP  [0m[2m c:79%[0m [32m[1m[73][0m[2m 0m[0m [2mg[0m[33m1[0m [2macc:[0m[2m--[0m[2m(0)[0m                    [35m ║[0m
[35m║ [0m  [34m  └── [0m[36m[1mDAEDALUS    [0m [32m[1m▲ UP  [0m[2m c:79%[0m [32m[1m[73][0m[2m 0m[0m [2mg[0m[33m1[0m [2macc:[0m[2m--[0m[2m(0)[0m                    [35m ║[0m
[34m╟────────────────────────────────────────────────────────────────────────────╢[0m
[35m║ [0m[34m[1m  🌐 CATEGORY DYNASTY[0m[2m  │  Track: [0m[35mLLM[0m[2m  │  Multi-Market v4.0[0m                [35m ║[0m
[34m╟────────────────────────────────────────────────────────────────────────────╢[0m
[35m║ [0m  [34m  ├── [0m🏛️ [36m[1mpolitics-daily [0m[31m[1m▼ DOWN[0m[2m c:70%[0m[2m e:-57.2%[0m [2mg[0m[33m1[0m [2macc:[0m[2m--[0m[2m(0)[0m[2m 23m[0m         [35m ║[0m
[35m║ [0m  [34m  │   [0m[2m  "Will Marco Rubio win the 2028 Re"[0m                              [35m ║[0m
[35m║ [0m  [34m  ├── [0m⚽ [36m[1msports-daily   [0m[32m[1m▲ UP  [0m[2m c:65%[0m[2m e:33.6%[0m [2mg[0m[33m1[0m [2macc:[0m[2m--[0m[2m(0)[0m[2m 0m[0m             [35m ║[0m
[35m║ [0m  [34m  │   [0m[2m  "Will the Colorado Avalanche win "[0m                              [35m ║[0m
[35m║ [0m  [34m  ├── [0m📊 [36m[1mmacro-weekly   [0m[2m  ···  waiting for scan[0m [2mg[0m[33m1[0m [2macc:[0m[2m--[0m[2m(0)[0m            [35m ║[0m
[35m║ [0m  [34m  ├── [0m🌐 [36m[1mevents-daily   [0m[31m[1m▼ DOWN[0m[2m c:75%[0m[2m e:-24%[0m [2mg[0m[33m1[0m [2macc:[0m[2m--[0m[2m(0)[0m[2m 24m[0m            [35m ║[0m
[35m║ [0m  [34m  │   [0m[2m  "Will the Iranian regime fall by "[0m                              [35m ║[0m
[34m╟────────────────────────────────────────────────────────────────────────────╢[0m
[35m║ [0m  [34mSIGNAL CONSENSUS: [0m[32m[1m▲ BULL CONSENSUS[0m[2m  (10▲ 0▼ 2●)  12/12 children reporting[0m[35m ║[0m
[34m╠════════════════════════════════════════════════════════════════════════════╣[0m
[35m║ [0m  CALIBRATION  [97mBTC[0m[2m:[0m[31m[1m47%[0m[2m(298)[0m   [97mETH[0m[2m:[0m[33m[1m57%[0m[2m(189)[0m   [97mSOL[0m[2m:[0m[33m[1m50%[0m[2m(284)[0m   [97mOTHER[0m[2m:[0m[2m--[0m[2m(1)[0m   [35m ║[0m
[35m╠════════════════════════════════════════════════════════════════════════════╣[0m
[35m║ [0m[33m[1m  OPEN BETS (3)[0m[2m  — monitoring for resolution[0m                              [35m ║[0m
[35m║ [0m[2m  MARKET                              SIDE  MY_P  MKT_P  EDGE   STAKE  CLOSES[0m[35m ║[0m
[35m║ [0m  [97mWill J.D. Vance win the 2028 R[0mYES  [33m   0%[0m   42%[33m[1m-41.6%[0m$null  [2m9:00:00 PM[0m   [35m ║[0m
[35m║ [0m  [97mWill Jesus Christ return befor[0mYES  [33m   0%[0m   48%[33m[1m-48.0%[0m$null  [2m9:00:00 AM[0m   [35m ║[0m
[35m║ [0m  [97mWill J.D. Vance win the 2028 R[0mYES  [33m   0%[0m   42%[33m[1m-41.5%[0m$null  [2m9:00:00 PM[0m   [35m ║[0m
[35m╠════════════════════════════════════════════════════════════════════════════╣[0m
[35m║ [0m[34m[1m  HISTORY[0m[2m  772 trades  ([32m391W[0m/[31m381L[0m)[0m                                        [35m ║[0m
[35m║ [0m  [31m[1m✗ LOSS[0m [97mSolana Up or Down - March 9, 3AM[0m[2m edge:[0m[33m?[0m P&L: [31m0[0m[2m 07:56[0m             [35m ║[0m
[35m║ [0m  [31m[1m✗ LOSS[0m [97mEthereum Up or Down - March 8, 2[0m[2m edge:[0m[33m+5.0%[0m P&L: [31m-100[0m[2m 06:57[0m      [35m ║[0m
[35m║ [0m  [31m[1m✗ LOSS[0m [97mEthereum Up or Down - March 9, 4[0m[2m edge:[0m[33m+5.0%[0m P&L: [31m-100[0m[2m 08:44[0m      [35m ║[0m
[35m║ [0m  [31m[1m✗ LOSS[0m [97mSolana Up or Down - March 9, 3:5[0m[2m edge:[0m[33m+5.0%[0m P&L: [31m-100[0m[2m 07:52[0m      [35m ║[0m
[35m╠════════════════════════════════════════════════════════════════════════════╣[0m
[35m║ [0m[32m[1m  ▸ 5MIN[0m[2m  BTC · ETH · SOL  (closes in minutes)[0m                            [35m ║[0m
[35m║ [0m[2m  ASSET  UP%   EDGE     LIQ       CLOSES[0m                                  [35m ║[0m
[35m║ [0m  [97mSOL [0m[36m  49%[0m[2m +0.4%[0m[2m $12968 [0m[31m[1m1min[0m                                             [35m ║[0m
[35m║ [0m  [97mBTC [0m[36m  46%[0m[2m +1.6%[0m[2m $11402 [0m[31m[1m1min[0m                                             [35m ║[0m
[35m║ [0m  [97mETH [0m[36m  48%[0m[2m +0.8%[0m[2m $15628 [0m[31m[1m1min[0m                                             [35m ║[0m
[35m╟────────────────────────────────────────────────────────────────────────────╢[0m
[35m║ [0m[33m[1m  ▸ 15MIN[0m[2m  BTC · ETH · SOL  (closes in 15 min windows)[0m                    [35m ║[0m
[35m║ [0m  [97mSOL [0m[36m  84%[0m[32m+13.6%[0m[2m  $5149 [0m[31m[1m1min[0m                                             [35m ║[0m
[35m║ [0m  [97mETH [0m[36m  83%[0m[32m+13.2%[0m[2m  $5056 [0m[31m[1m1min[0m                                             [35m ║[0m
[35m╟────────────────────────────────────────────────────────────────────────────╢[0m
[35m║ [0m[36m[1m  ▸ 1H / 4H[0m[2m  BTC · ETH · SOL  (hourly/4h windows)[0m                         [35m ║[0m
[35m║ [0m[2m  — no 1H active right now —[0m                                              [35m ║[0m
[35m╚════════════════════════════════════════════════════════════════════════════╝[0m

[33m┌──────────────────────────────────────────────────────────────────────────────┐[0m
[33m│[0m[1m[33m  ⠼ ADAN THINKING  —  Binance loaded · Gemma-3-27B analyzing...             [0m[33m│[0m
[33m│[0m[2m  Flow: Candles ⠼ Trend ⠼ Polymarket odds ⠼ Edge calc ⠼ BET or SKIP         [0m[33m│[0m
[33m└──────────────────────────────────────────────────────────────────────────────┘[0m

                                                                     ⠴ Thinking...                 ⠦ Thinking...                 ⠧ Thinking...                 ⠇ Thinking...                 ⠏ Thinking...                 ⠋ Thinking...                 ⠙ Thinking...                 ⠹ Thinking...                 ⠸ Thinking...                 ⠼ Thinking...                 ⠴ Thinking...                 ⠦ Thinking...                 ⠧ Thinking...                 ⠇ Thinking...                 ⠏ Thinking...                 ⠋ Thinking...                 ⠙ Thinking...                 ⠹ Thinking...                 ⠸ Thinking...                 ⠼ Thinking...                 ⠴ Thinking...                 ⠦ Thinking...                 ⠧ Thinking...                 ⠇ Thinking...                 ⠏ Thinking...                 ⠋ Thinking...                 ⠙ Thinking...                 ⠹ Thinking...                 ⠸ Thinking...                 ⠼ Thinking...                 ⠴ Thinking...                 ⠦ Thinking...                 ⠧ Thinking...                 ⠇ Thinking...                 ⠏ Thinking...                 ⠋ Thinking...                 ⠙ Thinking...                 ⠹ Thinking...                 ⠸ Thinking...                 ⠼ Thinking...                 ⠴ Thinking...                 ⠦ Thinking...                 ⠧ Thinking...                 ⠇ Thinking...                 ⠏ Thinking...                 ⠋ Thinking...                 ⠙ Thinking...                 ⠹ Thinking...                 ⠸ Thinking...                 ⠼ Thinking...                 ⠴ Thinking...                 ⠦ Thinking...                 ⠧ Thinking...               